arm,request_contract,workload,cache_state,entities,source_sha256,closure_entities,source_bytes,pinned_source_bytes,pin_us,materialized_payload_bytes,repetition,repeated_materialize_us,first_exact_bounded_us,proof
D-bounded,random_entity_lookup,deep_dependency_chain,os_cache_warm,1000,e7f306d6a087b66ee49003efecf058ed5cc1780acc3144e728cd2a399a784c4c,1,217323,217323,1337,137,0,84,1462,exact_source_payload_semantic_not_current
D-bounded,random_entity_lookup,deep_dependency_chain,os_cache_warm,1000,e7f306d6a087b66ee49003efecf058ed5cc1780acc3144e728cd2a399a784c4c,1,217323,217323,880,137,1,86,981,exact_source_payload_semantic_not_current
D-bounded,random_entity_lookup,deep_dependency_chain,os_cache_warm,1000,e7f306d6a087b66ee49003efecf058ed5cc1780acc3144e728cd2a399a784c4c,1,217323,217323,2937,137,2,468,3169,exact_source_payload_semantic_not_current
D-bounded,random_entity_lookup,deep_dependency_chain,os_cache_warm,1000,e7f306d6a087b66ee49003efecf058ed5cc1780acc3144e728cd2a399a784c4c,1,217323,217323,1439,137,3,82,1545,exact_source_payload_semantic_not_current
D-bounded,random_entity_lookup,deep_dependency_chain,os_cache_warm,1000,e7f306d6a087b66ee49003efecf058ed5cc1780acc3144e728cd2a399a784c4c,1,217323,217323,435,137,4,76,520,exact_source_payload_semantic_not_current
D-bounded,random_entity_lookup,deep_dependency_chain,os_cache_warm,1000,e7f306d6a087b66ee49003efecf058ed5cc1780acc3144e728cd2a399a784c4c,1,217323,217323,1644,137,5,169,1883,exact_source_payload_semantic_not_current
D-bounded,random_entity_lookup,deep_dependency_chain,os_cache_warm,1000,e7f306d6a087b66ee49003efecf058ed5cc1780acc3144e728cd2a399a784c4c,1,217323,217323,983,137,6,107,1135,exact_source_payload_semantic_not_current
D-bounded,random_entity_lookup,deep_dependency_chain,os_cache_warm,1000,e7f306d6a087b66ee49003efecf058ed5cc1780acc3144e728cd2a399a784c4c,1,217323,217323,1079,137,7,170,1296,exact_source_payload_semantic_not_current
D-bounded,random_entity_lookup,deep_dependency_chain,os_cache_warm,1000,e7f306d6a087b66ee49003efecf058ed5cc1780acc3144e728cd2a399a784c4c,1,217323,217323,985,137,8,253,1194,exact_source_payload_semantic_not_current
D-bounded,random_entity_lookup,deep_dependency_chain,os_cache_warm,1000,e7f306d6a087b66ee49003efecf058ed5cc1780acc3144e728cd2a399a784c4c,1,217323,217323,527,137,9,114,706,exact_source_payload_semantic_not_current
D-bounded,random_entity_lookup,deep_dependency_chain,os_cache_warm,1000,e7f306d6a087b66ee49003efecf058ed5cc1780acc3144e728cd2a399a784c4c,1,217323,217323,722,137,10,81,877,exact_source_payload_semantic_not_current
D-bounded,random_entity_lookup,deep_dependency_chain,os_cache_warm,1000,e7f306d6a087b66ee49003efecf058ed5cc1780acc3144e728cd2a399a784c4c,1,217323,217323,2184,137,11,151,2425,exact_source_payload_semantic_not_current
D-bounded,random_entity_lookup,deep_dependency_chain,os_cache_warm,1000,e7f306d6a087b66ee49003efecf058ed5cc1780acc3144e728cd2a399a784c4c,1,217323,217323,522,137,12,78,706,exact_source_payload_semantic_not_current
D-bounded,random_entity_lookup,deep_dependency_chain,os_cache_warm,1000,e7f306d6a087b66ee49003efecf058ed5cc1780acc3144e728cd2a399a784c4c,1,217323,217323,851,137,13,77,940,exact_source_payload_semantic_not_current
D-bounded,random_entity_lookup,deep_dependency_chain,os_cache_warm,1000,e7f306d6a087b66ee49003efecf058ed5cc1780acc3144e728cd2a399a784c4c,1,217323,217323,454,137,14,72,533,exact_source_payload_semantic_not_current
D-bounded,random_entity_lookup,deep_dependency_chain,os_cache_warm,1000,e7f306d6a087b66ee49003efecf058ed5cc1780acc3144e728cd2a399a784c4c,1,217323,217323,499,137,15,91,628,exact_source_payload_semantic_not_current
D-bounded,random_entity_lookup,deep_dependency_chain,os_cache_warm,1000,e7f306d6a087b66ee49003efecf058ed5cc1780acc3144e728cd2a399a784c4c,1,217323,217323,696,137,16,72,786,exact_source_payload_semantic_not_current
D-bounded,random_entity_lookup,deep_dependency_chain,os_cache_warm,1000,e7f306d6a087b66ee49003efecf058ed5cc1780acc3144e728cd2a399a784c4c,1,217323,217323,435,137,17,71,513,exact_source_payload_semantic_not_current
D-bounded,random_entity_lookup,deep_dependency_chain,os_cache_warm,1000,e7f306d6a087b66ee49003efecf058ed5cc1780acc3144e728cd2a399a784c4c,1,217323,217323,423,137,18,71,497,exact_source_payload_semantic_not_current
D-bounded,random_entity_lookup,deep_dependency_chain,os_cache_warm,1000,e7f306d6a087b66ee49003efecf058ed5cc1780acc3144e728cd2a399a784c4c,1,217323,217323,394,137,19,69,465,exact_source_payload_semantic_not_current
D-bounded,random_entity_lookup,deep_dependency_chain,os_cache_warm,1000,e7f306d6a087b66ee49003efecf058ed5cc1780acc3144e728cd2a399a784c4c,1,217323,217323,387,137,20,292,457,exact_source_payload_semantic_not_current
D-bounded,random_entity_lookup,deep_dependency_chain,os_cache_warm,1000,e7f306d6a087b66ee49003efecf058ed5cc1780acc3144e728cd2a399a784c4c,1,217323,217323,472,137,21,80,566,exact_source_payload_semantic_not_current
D-bounded,random_entity_lookup,deep_dependency_chain,os_cache_warm,1000,e7f306d6a087b66ee49003efecf058ed5cc1780acc3144e728cd2a399a784c4c,1,217323,217323,410,137,22,75,490,exact_source_payload_semantic_not_current
D-bounded,random_entity_lookup,deep_dependency_chain,os_cache_warm,1000,e7f306d6a087b66ee49003efecf058ed5cc1780acc3144e728cd2a399a784c4c,1,217323,217323,402,137,23,74,555,exact_source_payload_semantic_not_current
D-bounded,random_entity_lookup,deep_dependency_chain,os_cache_warm,1000,e7f306d6a087b66ee49003efecf058ed5cc1780acc3144e728cd2a399a784c4c,1,217323,217323,410,137,24,74,487,exact_source_payload_semantic_not_current
D-bounded,random_entity_lookup,deep_dependency_chain,os_cache_warm,1000,e7f306d6a087b66ee49003efecf058ed5cc1780acc3144e728cd2a399a784c4c,1,217323,217323,390,137,25,83,533,exact_source_payload_semantic_not_current
D-bounded,random_entity_lookup,deep_dependency_chain,os_cache_warm,1000,e7f306d6a087b66ee49003efecf058ed5cc1780acc3144e728cd2a399a784c4c,1,217323,217323,940,137,26,85,1037,exact_source_payload_semantic_not_current
D-bounded,random_entity_lookup,deep_dependency_chain,os_cache_warm,1000,e7f306d6a087b66ee49003efecf058ed5cc1780acc3144e728cd2a399a784c4c,1,217323,217323,1301,137,27,289,1567,exact_source_payload_semantic_not_current
D-bounded,random_entity_lookup,deep_dependency_chain,os_cache_warm,1000,e7f306d6a087b66ee49003efecf058ed5cc1780acc3144e728cd2a399a784c4c,1,217323,217323,1385,137,28,355,2136,exact_source_payload_semantic_not_current
D-bounded,random_entity_lookup,deep_dependency_chain,os_cache_warm,1000,e7f306d6a087b66ee49003efecf058ed5cc1780acc3144e728cd2a399a784c4c,1,217323,217323,718,137,29,80,820,exact_source_payload_semantic_not_current
D-bounded,near_dependency,deep_dependency_chain,os_cache_warm,1000,e7f306d6a087b66ee49003efecf058ed5cc1780acc3144e728cd2a399a784c4c,2,217323,217323,1341,353,0,87,1444,requires_full_admission_for_formula
D-bounded,near_dependency,deep_dependency_chain,os_cache_warm,1000,e7f306d6a087b66ee49003efecf058ed5cc1780acc3144e728cd2a399a784c4c,2,217323,217323,1161,353,1,89,1415,requires_full_admission_for_formula
D-bounded,near_dependency,deep_dependency_chain,os_cache_warm,1000,e7f306d6a087b66ee49003efecf058ed5cc1780acc3144e728cd2a399a784c4c,2,217323,217323,1008,353,2,153,1115,requires_full_admission_for_formula
D-bounded,near_dependency,deep_dependency_chain,os_cache_warm,1000,e7f306d6a087b66ee49003efecf058ed5cc1780acc3144e728cd2a399a784c4c,2,217323,217323,2514,353,3,91,2629,requires_full_admission_for_formula
D-bounded,near_dependency,deep_dependency_chain,os_cache_warm,1000,e7f306d6a087b66ee49003efecf058ed5cc1780acc3144e728cd2a399a784c4c,2,217323,217323,1781,353,4,247,2053,requires_full_admission_for_formula
D-bounded,near_dependency,deep_dependency_chain,os_cache_warm,1000,e7f306d6a087b66ee49003efecf058ed5cc1780acc3144e728cd2a399a784c4c,2,217323,217323,981,353,5,181,1281,requires_full_admission_for_formula
D-bounded,near_dependency,deep_dependency_chain,os_cache_warm,1000,e7f306d6a087b66ee49003efecf058ed5cc1780acc3144e728cd2a399a784c4c,2,217323,217323,677,353,6,86,786,requires_full_admission_for_formula
D-bounded,near_dependency,deep_dependency_chain,os_cache_warm,1000,e7f306d6a087b66ee49003efecf058ed5cc1780acc3144e728cd2a399a784c4c,2,217323,217323,466,353,7,83,561,requires_full_admission_for_formula
D-bounded,near_dependency,deep_dependency_chain,os_cache_warm,1000,e7f306d6a087b66ee49003efecf058ed5cc1780acc3144e728cd2a399a784c4c,2,217323,217323,420,353,8,82,504,requires_full_admission_for_formula
D-bounded,near_dependency,deep_dependency_chain,os_cache_warm,1000,e7f306d6a087b66ee49003efecf058ed5cc1780acc3144e728cd2a399a784c4c,2,217323,217323,399,353,9,78,479,requires_full_admission_for_formula
D-bounded,near_dependency,deep_dependency_chain,os_cache_warm,1000,e7f306d6a087b66ee49003efecf058ed5cc1780acc3144e728cd2a399a784c4c,2,217323,217323,392,353,10,78,470,requires_full_admission_for_formula
D-bounded,near_dependency,deep_dependency_chain,os_cache_warm,1000,e7f306d6a087b66ee49003efecf058ed5cc1780acc3144e728cd2a399a784c4c,2,217323,217323,907,353,11,84,1007,requires_full_admission_for_formula
D-bounded,near_dependency,deep_dependency_chain,os_cache_warm,1000,e7f306d6a087b66ee49003efecf058ed5cc1780acc3144e728cd2a399a784c4c,2,217323,217323,409,353,12,80,492,requires_full_admission_for_formula
D-bounded,near_dependency,deep_dependency_chain,os_cache_warm,1000,e7f306d6a087b66ee49003efecf058ed5cc1780acc3144e728cd2a399a784c4c,2,217323,217323,400,353,13,79,479,requires_full_admission_for_formula
D-bounded,near_dependency,deep_dependency_chain,os_cache_warm,1000,e7f306d6a087b66ee49003efecf058ed5cc1780acc3144e728cd2a399a784c4c,2,217323,217323,417,353,14,77,495,requires_full_admission_for_formula
D-bounded,near_dependency,deep_dependency_chain,os_cache_warm,1000,e7f306d6a087b66ee49003efecf058ed5cc1780acc3144e728cd2a399a784c4c,2,217323,217323,405,353,15,76,482,requires_full_admission_for_formula
D-bounded,near_dependency,deep_dependency_chain,os_cache_warm,1000,e7f306d6a087b66ee49003efecf058ed5cc1780acc3144e728cd2a399a784c4c,2,217323,217323,394,353,16,76,470,requires_full_admission_for_formula
D-bounded,near_dependency,deep_dependency_chain,os_cache_warm,1000,e7f306d6a087b66ee49003efecf058ed5cc1780acc3144e728cd2a399a784c4c,2,217323,217323,386,353,17,75,462,requires_full_admission_for_formula
D-bounded,near_dependency,deep_dependency_chain,os_cache_warm,1000,e7f306d6a087b66ee49003efecf058ed5cc1780acc3144e728cd2a399a784c4c,2,217323,217323,386,353,18,76,464,requires_full_admission_for_formula
D-bounded,near_dependency,deep_dependency_chain,os_cache_warm,1000,e7f306d6a087b66ee49003efecf058ed5cc1780acc3144e728cd2a399a784c4c,2,217323,217323,380,353,19,75,455,requires_full_admission_for_formula
D-bounded,near_dependency,deep_dependency_chain,os_cache_warm,1000,e7f306d6a087b66ee49003efecf058ed5cc1780acc3144e728cd2a399a784c4c,2,217323,217323,386,353,20,75,461,requires_full_admission_for_formula
D-bounded,near_dependency,deep_dependency_chain,os_cache_warm,1000,e7f306d6a087b66ee49003efecf058ed5cc1780acc3144e728cd2a399a784c4c,2,217323,217323,397,353,21,75,472,requires_full_admission_for_formula
D-bounded,near_dependency,deep_dependency_chain,os_cache_warm,1000,e7f306d6a087b66ee49003efecf058ed5cc1780acc3144e728cd2a399a784c4c,2,217323,217323,1757,353,22,83,1859,requires_full_admission_for_formula
D-bounded,near_dependency,deep_dependency_chain,os_cache_warm,1000,e7f306d6a087b66ee49003efecf058ed5cc1780acc3144e728cd2a399a784c4c,2,217323,217323,1489,353,23,243,1952,requires_full_admission_for_formula
D-bounded,near_dependency,deep_dependency_chain,os_cache_warm,1000,e7f306d6a087b66ee49003efecf058ed5cc1780acc3144e728cd2a399a784c4c,2,217323,217323,2470,353,24,86,2584,requires_full_admission_for_formula
D-bounded,near_dependency,deep_dependency_chain,os_cache_warm,1000,e7f306d6a087b66ee49003efecf058ed5cc1780acc3144e728cd2a399a784c4c,2,217323,217323,1470,353,25,86,1581,requires_full_admission_for_formula
D-bounded,near_dependency,deep_dependency_chain,os_cache_warm,1000,e7f306d6a087b66ee49003efecf058ed5cc1780acc3144e728cd2a399a784c4c,2,217323,217323,1239,353,26,87,1447,requires_full_admission_for_formula
D-bounded,near_dependency,deep_dependency_chain,os_cache_warm,1000,e7f306d6a087b66ee49003efecf058ed5cc1780acc3144e728cd2a399a784c4c,2,217323,217323,937,353,27,81,1033,requires_full_admission_for_formula
D-bounded,near_dependency,deep_dependency_chain,os_cache_warm,1000,e7f306d6a087b66ee49003efecf058ed5cc1780acc3144e728cd2a399a784c4c,2,217323,217323,706,353,28,81,797,requires_full_admission_for_formula
D-bounded,near_dependency,deep_dependency_chain,os_cache_warm,1000,e7f306d6a087b66ee49003efecf058ed5cc1780acc3144e728cd2a399a784c4c,2,217323,217323,420,353,29,149,504,requires_full_admission_for_formula
D-bounded,random_mid_dependency,deep_dependency_chain,os_cache_warm,1000,e7f306d6a087b66ee49003efecf058ed5cc1780acc3144e728cd2a399a784c4c,501,217323,217323,828,108137,0,2606,3732,requires_full_admission_for_formula
D-bounded,random_mid_dependency,deep_dependency_chain,os_cache_warm,1000,e7f306d6a087b66ee49003efecf058ed5cc1780acc3144e728cd2a399a784c4c,501,217323,217323,506,108137,1,4460,3006,requires_full_admission_for_formula
D-bounded,random_mid_dependency,deep_dependency_chain,os_cache_warm,1000,e7f306d6a087b66ee49003efecf058ed5cc1780acc3144e728cd2a399a784c4c,501,217323,217323,497,108137,2,3354,3074,requires_full_admission_for_formula
D-bounded,random_mid_dependency,deep_dependency_chain,os_cache_warm,1000,e7f306d6a087b66ee49003efecf058ed5cc1780acc3144e728cd2a399a784c4c,501,217323,217323,502,108137,3,4829,3467,requires_full_admission_for_formula
D-bounded,random_mid_dependency,deep_dependency_chain,os_cache_warm,1000,e7f306d6a087b66ee49003efecf058ed5cc1780acc3144e728cd2a399a784c4c,501,217323,217323,2466,108137,4,5498,7654,requires_full_admission_for_formula
D-bounded,random_mid_dependency,deep_dependency_chain,os_cache_warm,1000,e7f306d6a087b66ee49003efecf058ed5cc1780acc3144e728cd2a399a784c4c,501,217323,217323,540,108137,5,2670,3032,requires_full_admission_for_formula
D-bounded,random_mid_dependency,deep_dependency_chain,os_cache_warm,1000,e7f306d6a087b66ee49003efecf058ed5cc1780acc3144e728cd2a399a784c4c,501,217323,217323,468,108137,6,2520,3201,requires_full_admission_for_formula
D-bounded,random_mid_dependency,deep_dependency_chain,os_cache_warm,1000,e7f306d6a087b66ee49003efecf058ed5cc1780acc3144e728cd2a399a784c4c,501,217323,217323,512,108137,7,4873,4772,requires_full_admission_for_formula
D-bounded,random_mid_dependency,deep_dependency_chain,os_cache_warm,1000,e7f306d6a087b66ee49003efecf058ed5cc1780acc3144e728cd2a399a784c4c,501,217323,217323,1601,108137,8,3328,7362,requires_full_admission_for_formula
D-bounded,random_mid_dependency,deep_dependency_chain,os_cache_warm,1000,e7f306d6a087b66ee49003efecf058ed5cc1780acc3144e728cd2a399a784c4c,501,217323,217323,1807,108137,9,3766,6929,requires_full_admission_for_formula
D-bounded,random_mid_dependency,deep_dependency_chain,os_cache_warm,1000,e7f306d6a087b66ee49003efecf058ed5cc1780acc3144e728cd2a399a784c4c,501,217323,217323,1330,108137,10,4128,4103,requires_full_admission_for_formula
D-bounded,random_mid_dependency,deep_dependency_chain,os_cache_warm,1000,e7f306d6a087b66ee49003efecf058ed5cc1780acc3144e728cd2a399a784c4c,501,217323,217323,530,108137,11,4242,3372,requires_full_admission_for_formula
D-bounded,random_mid_dependency,deep_dependency_chain,os_cache_warm,1000,e7f306d6a087b66ee49003efecf058ed5cc1780acc3144e728cd2a399a784c4c,501,217323,217323,7373,108137,12,4792,10003,requires_full_admission_for_formula
D-bounded,random_mid_dependency,deep_dependency_chain,os_cache_warm,1000,e7f306d6a087b66ee49003efecf058ed5cc1780acc3144e728cd2a399a784c4c,501,217323,217323,3841,108137,13,4280,6820,requires_full_admission_for_formula
D-bounded,random_mid_dependency,deep_dependency_chain,os_cache_warm,1000,e7f306d6a087b66ee49003efecf058ed5cc1780acc3144e728cd2a399a784c4c,501,217323,217323,1826,108137,14,2953,6096,requires_full_admission_for_formula
D-bounded,random_mid_dependency,deep_dependency_chain,os_cache_warm,1000,e7f306d6a087b66ee49003efecf058ed5cc1780acc3144e728cd2a399a784c4c,501,217323,217323,1834,108137,15,2550,4721,requires_full_admission_for_formula
D-bounded,random_mid_dependency,deep_dependency_chain,os_cache_warm,1000,e7f306d6a087b66ee49003efecf058ed5cc1780acc3144e728cd2a399a784c4c,501,217323,217323,513,108137,16,2675,3538,requires_full_admission_for_formula
D-bounded,random_mid_dependency,deep_dependency_chain,os_cache_warm,1000,e7f306d6a087b66ee49003efecf058ed5cc1780acc3144e728cd2a399a784c4c,501,217323,217323,1569,108137,17,2666,6998,requires_full_admission_for_formula
D-bounded,random_mid_dependency,deep_dependency_chain,os_cache_warm,1000,e7f306d6a087b66ee49003efecf058ed5cc1780acc3144e728cd2a399a784c4c,501,217323,217323,545,108137,18,5174,3137,requires_full_admission_for_formula
D-bounded,random_mid_dependency,deep_dependency_chain,os_cache_warm,1000,e7f306d6a087b66ee49003efecf058ed5cc1780acc3144e728cd2a399a784c4c,501,217323,217323,502,108137,19,3036,4309,requires_full_admission_for_formula
D-bounded,random_mid_dependency,deep_dependency_chain,os_cache_warm,1000,e7f306d6a087b66ee49003efecf058ed5cc1780acc3144e728cd2a399a784c4c,501,217323,217323,558,108137,20,4175,2969,requires_full_admission_for_formula
D-bounded,random_mid_dependency,deep_dependency_chain,os_cache_warm,1000,e7f306d6a087b66ee49003efecf058ed5cc1780acc3144e728cd2a399a784c4c,501,217323,217323,549,108137,21,3399,4090,requires_full_admission_for_formula
D-bounded,random_mid_dependency,deep_dependency_chain,os_cache_warm,1000,e7f306d6a087b66ee49003efecf058ed5cc1780acc3144e728cd2a399a784c4c,501,217323,217323,529,108137,22,3635,5442,requires_full_admission_for_formula
D-bounded,random_mid_dependency,deep_dependency_chain,os_cache_warm,1000,e7f306d6a087b66ee49003efecf058ed5cc1780acc3144e728cd2a399a784c4c,501,217323,217323,526,108137,23,3265,2936,requires_full_admission_for_formula
D-bounded,random_mid_dependency,deep_dependency_chain,os_cache_warm,1000,e7f306d6a087b66ee49003efecf058ed5cc1780acc3144e728cd2a399a784c4c,501,217323,217323,491,108137,24,3321,4294,requires_full_admission_for_formula
D-bounded,random_mid_dependency,deep_dependency_chain,os_cache_warm,1000,e7f306d6a087b66ee49003efecf058ed5cc1780acc3144e728cd2a399a784c4c,501,217323,217323,636,108137,25,2916,3889,requires_full_admission_for_formula
D-bounded,random_mid_dependency,deep_dependency_chain,os_cache_warm,1000,e7f306d6a087b66ee49003efecf058ed5cc1780acc3144e728cd2a399a784c4c,501,217323,217323,2578,108137,26,3014,9274,requires_full_admission_for_formula
D-bounded,random_mid_dependency,deep_dependency_chain,os_cache_warm,1000,e7f306d6a087b66ee49003efecf058ed5cc1780acc3144e728cd2a399a784c4c,501,217323,217323,525,108137,27,3141,3088,requires_full_admission_for_formula
D-bounded,random_mid_dependency,deep_dependency_chain,os_cache_warm,1000,e7f306d6a087b66ee49003efecf058ed5cc1780acc3144e728cd2a399a784c4c,501,217323,217323,517,108137,28,4682,4606,requires_full_admission_for_formula
D-bounded,random_mid_dependency,deep_dependency_chain,os_cache_warm,1000,e7f306d6a087b66ee49003efecf058ed5cc1780acc3144e728cd2a399a784c4c,501,217323,217323,1061,108137,29,4153,5176,requires_full_admission_for_formula
D-bounded,far_dependency,deep_dependency_chain,os_cache_warm,1000,e7f306d6a087b66ee49003efecf058ed5cc1780acc3144e728cd2a399a784c4c,1000,217323,217323,2628,215921,0,5986,9935,requires_full_admission_for_formula
D-bounded,far_dependency,deep_dependency_chain,os_cache_warm,1000,e7f306d6a087b66ee49003efecf058ed5cc1780acc3144e728cd2a399a784c4c,1000,217323,217323,529,215921,1,7123,6383,requires_full_admission_for_formula
D-bounded,far_dependency,deep_dependency_chain,os_cache_warm,1000,e7f306d6a087b66ee49003efecf058ed5cc1780acc3144e728cd2a399a784c4c,1000,217323,217323,572,215921,2,11187,6123,requires_full_admission_for_formula
D-bounded,far_dependency,deep_dependency_chain,os_cache_warm,1000,e7f306d6a087b66ee49003efecf058ed5cc1780acc3144e728cd2a399a784c4c,1000,217323,217323,1463,215921,3,6887,14063,requires_full_admission_for_formula
D-bounded,far_dependency,deep_dependency_chain,os_cache_warm,1000,e7f306d6a087b66ee49003efecf058ed5cc1780acc3144e728cd2a399a784c4c,1000,217323,217323,1748,215921,4,6317,7155,requires_full_admission_for_formula
D-bounded,far_dependency,deep_dependency_chain,os_cache_warm,1000,e7f306d6a087b66ee49003efecf058ed5cc1780acc3144e728cd2a399a784c4c,1000,217323,217323,1056,215921,5,7420,7361,requires_full_admission_for_formula
D-bounded,far_dependency,deep_dependency_chain,os_cache_warm,1000,e7f306d6a087b66ee49003efecf058ed5cc1780acc3144e728cd2a399a784c4c,1000,217323,217323,1914,215921,6,5076,8883,requires_full_admission_for_formula
D-bounded,far_dependency,deep_dependency_chain,os_cache_warm,1000,e7f306d6a087b66ee49003efecf058ed5cc1780acc3144e728cd2a399a784c4c,1000,217323,217323,1125,215921,7,6618,6917,requires_full_admission_for_formula
D-bounded,far_dependency,deep_dependency_chain,os_cache_warm,1000,e7f306d6a087b66ee49003efecf058ed5cc1780acc3144e728cd2a399a784c4c,1000,217323,217323,1133,215921,8,5988,6620,requires_full_admission_for_formula
D-bounded,far_dependency,deep_dependency_chain,os_cache_warm,1000,e7f306d6a087b66ee49003efecf058ed5cc1780acc3144e728cd2a399a784c4c,1000,217323,217323,579,215921,9,7401,5381,requires_full_admission_for_formula
D-bounded,far_dependency,deep_dependency_chain,os_cache_warm,1000,e7f306d6a087b66ee49003efecf058ed5cc1780acc3144e728cd2a399a784c4c,1000,217323,217323,2209,215921,10,8869,17933,requires_full_admission_for_formula
D-bounded,far_dependency,deep_dependency_chain,os_cache_warm,1000,e7f306d6a087b66ee49003efecf058ed5cc1780acc3144e728cd2a399a784c4c,1000,217323,217323,1311,215921,11,6695,9586,requires_full_admission_for_formula
D-bounded,far_dependency,deep_dependency_chain,os_cache_warm,1000,e7f306d6a087b66ee49003efecf058ed5cc1780acc3144e728cd2a399a784c4c,1000,217323,217323,550,215921,12,9136,7109,requires_full_admission_for_formula
D-bounded,far_dependency,deep_dependency_chain,os_cache_warm,1000,e7f306d6a087b66ee49003efecf058ed5cc1780acc3144e728cd2a399a784c4c,1000,217323,217323,640,215921,13,5512,5538,requires_full_admission_for_formula
D-bounded,far_dependency,deep_dependency_chain,os_cache_warm,1000,e7f306d6a087b66ee49003efecf058ed5cc1780acc3144e728cd2a399a784c4c,1000,217323,217323,808,215921,14,7242,7342,requires_full_admission_for_formula
D-bounded,far_dependency,deep_dependency_chain,os_cache_warm,1000,e7f306d6a087b66ee49003efecf058ed5cc1780acc3144e728cd2a399a784c4c,1000,217323,217323,1159,215921,15,6464,7402,requires_full_admission_for_formula
D-bounded,far_dependency,deep_dependency_chain,os_cache_warm,1000,e7f306d6a087b66ee49003efecf058ed5cc1780acc3144e728cd2a399a784c4c,1000,217323,217323,542,215921,16,5787,6443,requires_full_admission_for_formula
D-bounded,far_dependency,deep_dependency_chain,os_cache_warm,1000,e7f306d6a087b66ee49003efecf058ed5cc1780acc3144e728cd2a399a784c4c,1000,217323,217323,532,215921,17,4991,5661,requires_full_admission_for_formula
D-bounded,far_dependency,deep_dependency_chain,os_cache_warm,1000,e7f306d6a087b66ee49003efecf058ed5cc1780acc3144e728cd2a399a784c4c,1000,217323,217323,1194,215921,18,8470,5940,requires_full_admission_for_formula
D-bounded,far_dependency,deep_dependency_chain,os_cache_warm,1000,e7f306d6a087b66ee49003efecf058ed5cc1780acc3144e728cd2a399a784c4c,1000,217323,217323,3461,215921,19,5547,20488,requires_full_admission_for_formula
D-bounded,far_dependency,deep_dependency_chain,os_cache_warm,1000,e7f306d6a087b66ee49003efecf058ed5cc1780acc3144e728cd2a399a784c4c,1000,217323,217323,1189,215921,20,6903,10165,requires_full_admission_for_formula
D-bounded,far_dependency,deep_dependency_chain,os_cache_warm,1000,e7f306d6a087b66ee49003efecf058ed5cc1780acc3144e728cd2a399a784c4c,1000,217323,217323,1047,215921,21,8231,10239,requires_full_admission_for_formula
D-bounded,far_dependency,deep_dependency_chain,os_cache_warm,1000,e7f306d6a087b66ee49003efecf058ed5cc1780acc3144e728cd2a399a784c4c,1000,217323,217323,573,215921,22,6702,5578,requires_full_admission_for_formula
D-bounded,far_dependency,deep_dependency_chain,os_cache_warm,1000,e7f306d6a087b66ee49003efecf058ed5cc1780acc3144e728cd2a399a784c4c,1000,217323,217323,1422,215921,23,6332,6475,requires_full_admission_for_formula
D-bounded,far_dependency,deep_dependency_chain,os_cache_warm,1000,e7f306d6a087b66ee49003efecf058ed5cc1780acc3144e728cd2a399a784c4c,1000,217323,217323,945,215921,24,8557,8238,requires_full_admission_for_formula
D-bounded,far_dependency,deep_dependency_chain,os_cache_warm,1000,e7f306d6a087b66ee49003efecf058ed5cc1780acc3144e728cd2a399a784c4c,1000,217323,217323,811,215921,25,7132,7313,requires_full_admission_for_formula
D-bounded,far_dependency,deep_dependency_chain,os_cache_warm,1000,e7f306d6a087b66ee49003efecf058ed5cc1780acc3144e728cd2a399a784c4c,1000,217323,217323,1646,215921,26,7038,12240,requires_full_admission_for_formula
D-bounded,far_dependency,deep_dependency_chain,os_cache_warm,1000,e7f306d6a087b66ee49003efecf058ed5cc1780acc3144e728cd2a399a784c4c,1000,217323,217323,662,215921,27,10645,6463,requires_full_admission_for_formula
D-bounded,far_dependency,deep_dependency_chain,os_cache_warm,1000,e7f306d6a087b66ee49003efecf058ed5cc1780acc3144e728cd2a399a784c4c,1000,217323,217323,540,215921,28,7344,8700,requires_full_admission_for_formula
D-bounded,far_dependency,deep_dependency_chain,os_cache_warm,1000,e7f306d6a087b66ee49003efecf058ed5cc1780acc3144e728cd2a399a784c4c,1000,217323,217323,3602,215921,29,8290,19649,requires_full_admission_for_formula
D-bounded,cold_reverse_dependents,deep_dependency_chain,os_cache_warm,1000,e7f306d6a087b66ee49003efecf058ed5cc1780acc3144e728cd2a399a784c4c,999,217323,217323,953,215784,0,9423,7660,requires_full_admission
D-bounded,cold_reverse_dependents,deep_dependency_chain,os_cache_warm,1000,e7f306d6a087b66ee49003efecf058ed5cc1780acc3144e728cd2a399a784c4c,999,217323,217323,1120,215784,1,6603,9221,requires_full_admission
D-bounded,cold_reverse_dependents,deep_dependency_chain,os_cache_warm,1000,e7f306d6a087b66ee49003efecf058ed5cc1780acc3144e728cd2a399a784c4c,999,217323,217323,894,215784,2,7837,6653,requires_full_admission
D-bounded,cold_reverse_dependents,deep_dependency_chain,os_cache_warm,1000,e7f306d6a087b66ee49003efecf058ed5cc1780acc3144e728cd2a399a784c4c,999,217323,217323,1785,215784,3,6042,12173,requires_full_admission
D-bounded,cold_reverse_dependents,deep_dependency_chain,os_cache_warm,1000,e7f306d6a087b66ee49003efecf058ed5cc1780acc3144e728cd2a399a784c4c,999,217323,217323,538,215784,4,5580,5667,requires_full_admission
D-bounded,cold_reverse_dependents,deep_dependency_chain,os_cache_warm,1000,e7f306d6a087b66ee49003efecf058ed5cc1780acc3144e728cd2a399a784c4c,999,217323,217323,787,215784,5,9439,12824,requires_full_admission
D-bounded,cold_reverse_dependents,deep_dependency_chain,os_cache_warm,1000,e7f306d6a087b66ee49003efecf058ed5cc1780acc3144e728cd2a399a784c4c,999,217323,217323,620,215784,6,8566,11805,requires_full_admission
D-bounded,cold_reverse_dependents,deep_dependency_chain,os_cache_warm,1000,e7f306d6a087b66ee49003efecf058ed5cc1780acc3144e728cd2a399a784c4c,999,217323,217323,616,215784,7,12139,5392,requires_full_admission
D-bounded,cold_reverse_dependents,deep_dependency_chain,os_cache_warm,1000,e7f306d6a087b66ee49003efecf058ed5cc1780acc3144e728cd2a399a784c4c,999,217323,217323,2816,215784,8,20024,19149,requires_full_admission
D-bounded,cold_reverse_dependents,deep_dependency_chain,os_cache_warm,1000,e7f306d6a087b66ee49003efecf058ed5cc1780acc3144e728cd2a399a784c4c,999,217323,217323,2470,215784,9,9467,10825,requires_full_admission
D-bounded,cold_reverse_dependents,deep_dependency_chain,os_cache_warm,1000,e7f306d6a087b66ee49003efecf058ed5cc1780acc3144e728cd2a399a784c4c,999,217323,217323,549,215784,10,6259,6749,requires_full_admission
D-bounded,cold_reverse_dependents,deep_dependency_chain,os_cache_warm,1000,e7f306d6a087b66ee49003efecf058ed5cc1780acc3144e728cd2a399a784c4c,999,217323,217323,545,215784,11,11031,10696,requires_full_admission
D-bounded,cold_reverse_dependents,deep_dependency_chain,os_cache_warm,1000,e7f306d6a087b66ee49003efecf058ed5cc1780acc3144e728cd2a399a784c4c,999,217323,217323,994,215784,12,12758,9267,requires_full_admission
D-bounded,cold_reverse_dependents,deep_dependency_chain,os_cache_warm,1000,e7f306d6a087b66ee49003efecf058ed5cc1780acc3144e728cd2a399a784c4c,999,217323,217323,1579,215784,13,8962,13416,requires_full_admission
D-bounded,cold_reverse_dependents,deep_dependency_chain,os_cache_warm,1000,e7f306d6a087b66ee49003efecf058ed5cc1780acc3144e728cd2a399a784c4c,999,217323,217323,536,215784,14,8853,7468,requires_full_admission
D-bounded,cold_reverse_dependents,deep_dependency_chain,os_cache_warm,1000,e7f306d6a087b66ee49003efecf058ed5cc1780acc3144e728cd2a399a784c4c,999,217323,217323,569,215784,15,10428,8742,requires_full_admission
D-bounded,cold_reverse_dependents,deep_dependency_chain,os_cache_warm,1000,e7f306d6a087b66ee49003efecf058ed5cc1780acc3144e728cd2a399a784c4c,999,217323,217323,2196,215784,16,7635,15590,requires_full_admission
D-bounded,cold_reverse_dependents,deep_dependency_chain,os_cache_warm,1000,e7f306d6a087b66ee49003efecf058ed5cc1780acc3144e728cd2a399a784c4c,999,217323,217323,589,215784,17,9633,8787,requires_full_admission
D-bounded,cold_reverse_dependents,deep_dependency_chain,os_cache_warm,1000,e7f306d6a087b66ee49003efecf058ed5cc1780acc3144e728cd2a399a784c4c,999,217323,217323,1902,215784,18,22840,11742,requires_full_admission
D-bounded,cold_reverse_dependents,deep_dependency_chain,os_cache_warm,1000,e7f306d6a087b66ee49003efecf058ed5cc1780acc3144e728cd2a399a784c4c,999,217323,217323,26742,215784,19,14221,45027,requires_full_admission
D-bounded,cold_reverse_dependents,deep_dependency_chain,os_cache_warm,1000,e7f306d6a087b66ee49003efecf058ed5cc1780acc3144e728cd2a399a784c4c,999,217323,217323,705,215784,20,10559,14402,requires_full_admission
D-bounded,cold_reverse_dependents,deep_dependency_chain,os_cache_warm,1000,e7f306d6a087b66ee49003efecf058ed5cc1780acc3144e728cd2a399a784c4c,999,217323,217323,2034,215784,21,7018,12968,requires_full_admission
D-bounded,cold_reverse_dependents,deep_dependency_chain,os_cache_warm,1000,e7f306d6a087b66ee49003efecf058ed5cc1780acc3144e728cd2a399a784c4c,999,217323,217323,1662,215784,22,5875,7828,requires_full_admission
D-bounded,cold_reverse_dependents,deep_dependency_chain,os_cache_warm,1000,e7f306d6a087b66ee49003efecf058ed5cc1780acc3144e728cd2a399a784c4c,999,217323,217323,722,215784,23,10117,8950,requires_full_admission
D-bounded,cold_reverse_dependents,deep_dependency_chain,os_cache_warm,1000,e7f306d6a087b66ee49003efecf058ed5cc1780acc3144e728cd2a399a784c4c,999,217323,217323,1168,215784,24,6467,9324,requires_full_admission
D-bounded,cold_reverse_dependents,deep_dependency_chain,os_cache_warm,1000,e7f306d6a087b66ee49003efecf058ed5cc1780acc3144e728cd2a399a784c4c,999,217323,217323,1945,215784,25,9831,11583,requires_full_admission
D-bounded,cold_reverse_dependents,deep_dependency_chain,os_cache_warm,1000,e7f306d6a087b66ee49003efecf058ed5cc1780acc3144e728cd2a399a784c4c,999,217323,217323,1571,215784,26,7724,7330,requires_full_admission
D-bounded,cold_reverse_dependents,deep_dependency_chain,os_cache_warm,1000,e7f306d6a087b66ee49003efecf058ed5cc1780acc3144e728cd2a399a784c4c,999,217323,217323,517,215784,27,6915,8215,requires_full_admission
D-bounded,cold_reverse_dependents,deep_dependency_chain,os_cache_warm,1000,e7f306d6a087b66ee49003efecf058ed5cc1780acc3144e728cd2a399a784c4c,999,217323,217323,2035,215784,28,9489,8257,requires_full_admission
D-bounded,cold_reverse_dependents,deep_dependency_chain,os_cache_warm,1000,e7f306d6a087b66ee49003efecf058ed5cc1780acc3144e728cd2a399a784c4c,999,217323,217323,1152,215784,29,11086,11614,requires_full_admission
D-bounded,random_entity_lookup,deep_dependency_chain,os_cache_warm,4000,6b0a7a2666fe04e84ceeb1176995eec3c8cb8a2be83c2b91cf1255df522b0f40,1,868323,868323,7483,137,0,371,8804,exact_source_payload_semantic_not_current
D-bounded,random_entity_lookup,deep_dependency_chain,os_cache_warm,4000,6b0a7a2666fe04e84ceeb1176995eec3c8cb8a2be83c2b91cf1255df522b0f40,1,868323,868323,2127,137,1,989,2576,exact_source_payload_semantic_not_current
D-bounded,random_entity_lookup,deep_dependency_chain,os_cache_warm,4000,6b0a7a2666fe04e84ceeb1176995eec3c8cb8a2be83c2b91cf1255df522b0f40,1,868323,868323,2039,137,2,1165,2969,exact_source_payload_semantic_not_current
D-bounded,random_entity_lookup,deep_dependency_chain,os_cache_warm,4000,6b0a7a2666fe04e84ceeb1176995eec3c8cb8a2be83c2b91cf1255df522b0f40,1,868323,868323,1550,137,3,537,2382,exact_source_payload_semantic_not_current
D-bounded,random_entity_lookup,deep_dependency_chain,os_cache_warm,4000,6b0a7a2666fe04e84ceeb1176995eec3c8cb8a2be83c2b91cf1255df522b0f40,1,868323,868323,4498,137,4,865,5754,exact_source_payload_semantic_not_current
D-bounded,random_entity_lookup,deep_dependency_chain,os_cache_warm,4000,6b0a7a2666fe04e84ceeb1176995eec3c8cb8a2be83c2b91cf1255df522b0f40,1,868323,868323,1420,137,5,2770,2722,exact_source_payload_semantic_not_current
D-bounded,random_entity_lookup,deep_dependency_chain,os_cache_warm,4000,6b0a7a2666fe04e84ceeb1176995eec3c8cb8a2be83c2b91cf1255df522b0f40,1,868323,868323,4425,137,6,346,5185,exact_source_payload_semantic_not_current
D-bounded,random_entity_lookup,deep_dependency_chain,os_cache_warm,4000,6b0a7a2666fe04e84ceeb1176995eec3c8cb8a2be83c2b91cf1255df522b0f40,1,868323,868323,1203,137,7,351,1629,exact_source_payload_semantic_not_current
D-bounded,random_entity_lookup,deep_dependency_chain,os_cache_warm,4000,6b0a7a2666fe04e84ceeb1176995eec3c8cb8a2be83c2b91cf1255df522b0f40,1,868323,868323,892,137,8,678,2371,exact_source_payload_semantic_not_current
D-bounded,random_entity_lookup,deep_dependency_chain,os_cache_warm,4000,6b0a7a2666fe04e84ceeb1176995eec3c8cb8a2be83c2b91cf1255df522b0f40,1,868323,868323,2100,137,9,378,2807,exact_source_payload_semantic_not_current
D-bounded,random_entity_lookup,deep_dependency_chain,os_cache_warm,4000,6b0a7a2666fe04e84ceeb1176995eec3c8cb8a2be83c2b91cf1255df522b0f40,1,868323,868323,1130,137,10,354,1606,exact_source_payload_semantic_not_current
D-bounded,random_entity_lookup,deep_dependency_chain,os_cache_warm,4000,6b0a7a2666fe04e84ceeb1176995eec3c8cb8a2be83c2b91cf1255df522b0f40,1,868323,868323,2515,137,11,349,3092,exact_source_payload_semantic_not_current
D-bounded,random_entity_lookup,deep_dependency_chain,os_cache_warm,4000,6b0a7a2666fe04e84ceeb1176995eec3c8cb8a2be83c2b91cf1255df522b0f40,1,868323,868323,1014,137,12,340,1396,exact_source_payload_semantic_not_current
D-bounded,random_entity_lookup,deep_dependency_chain,os_cache_warm,4000,6b0a7a2666fe04e84ceeb1176995eec3c8cb8a2be83c2b91cf1255df522b0f40,1,868323,868323,824,137,13,336,1179,exact_source_payload_semantic_not_current
D-bounded,random_entity_lookup,deep_dependency_chain,os_cache_warm,4000,6b0a7a2666fe04e84ceeb1176995eec3c8cb8a2be83c2b91cf1255df522b0f40,1,868323,868323,804,137,14,604,1717,exact_source_payload_semantic_not_current
D-bounded,random_entity_lookup,deep_dependency_chain,os_cache_warm,4000,6b0a7a2666fe04e84ceeb1176995eec3c8cb8a2be83c2b91cf1255df522b0f40,1,868323,868323,1214,137,15,782,1828,exact_source_payload_semantic_not_current
D-bounded,random_entity_lookup,deep_dependency_chain,os_cache_warm,4000,6b0a7a2666fe04e84ceeb1176995eec3c8cb8a2be83c2b91cf1255df522b0f40,1,868323,868323,1358,137,16,637,2245,exact_source_payload_semantic_not_current
D-bounded,random_entity_lookup,deep_dependency_chain,os_cache_warm,4000,6b0a7a2666fe04e84ceeb1176995eec3c8cb8a2be83c2b91cf1255df522b0f40,1,868323,868323,1221,137,17,444,1680,exact_source_payload_semantic_not_current
D-bounded,random_entity_lookup,deep_dependency_chain,os_cache_warm,4000,6b0a7a2666fe04e84ceeb1176995eec3c8cb8a2be83c2b91cf1255df522b0f40,1,868323,868323,2072,137,18,379,3289,exact_source_payload_semantic_not_current
D-bounded,random_entity_lookup,deep_dependency_chain,os_cache_warm,4000,6b0a7a2666fe04e84ceeb1176995eec3c8cb8a2be83c2b91cf1255df522b0f40,1,868323,868323,1166,137,19,914,1553,exact_source_payload_semantic_not_current
D-bounded,random_entity_lookup,deep_dependency_chain,os_cache_warm,4000,6b0a7a2666fe04e84ceeb1176995eec3c8cb8a2be83c2b91cf1255df522b0f40,1,868323,868323,2211,137,20,658,4028,exact_source_payload_semantic_not_current
D-bounded,random_entity_lookup,deep_dependency_chain,os_cache_warm,4000,6b0a7a2666fe04e84ceeb1176995eec3c8cb8a2be83c2b91cf1255df522b0f40,1,868323,868323,952,137,21,507,1310,exact_source_payload_semantic_not_current
D-bounded,random_entity_lookup,deep_dependency_chain,os_cache_warm,4000,6b0a7a2666fe04e84ceeb1176995eec3c8cb8a2be83c2b91cf1255df522b0f40,1,868323,868323,1811,137,22,4757,3094,exact_source_payload_semantic_not_current
D-bounded,random_entity_lookup,deep_dependency_chain,os_cache_warm,4000,6b0a7a2666fe04e84ceeb1176995eec3c8cb8a2be83c2b91cf1255df522b0f40,1,868323,868323,6481,137,23,355,6988,exact_source_payload_semantic_not_current
D-bounded,random_entity_lookup,deep_dependency_chain,os_cache_warm,4000,6b0a7a2666fe04e84ceeb1176995eec3c8cb8a2be83c2b91cf1255df522b0f40,1,868323,868323,866,137,24,609,2048,exact_source_payload_semantic_not_current
D-bounded,random_entity_lookup,deep_dependency_chain,os_cache_warm,4000,6b0a7a2666fe04e84ceeb1176995eec3c8cb8a2be83c2b91cf1255df522b0f40,1,868323,868323,1659,137,25,386,2295,exact_source_payload_semantic_not_current
D-bounded,random_entity_lookup,deep_dependency_chain,os_cache_warm,4000,6b0a7a2666fe04e84ceeb1176995eec3c8cb8a2be83c2b91cf1255df522b0f40,1,868323,868323,3715,137,26,587,4861,exact_source_payload_semantic_not_current
D-bounded,random_entity_lookup,deep_dependency_chain,os_cache_warm,4000,6b0a7a2666fe04e84ceeb1176995eec3c8cb8a2be83c2b91cf1255df522b0f40,1,868323,868323,1730,137,27,386,2841,exact_source_payload_semantic_not_current
D-bounded,random_entity_lookup,deep_dependency_chain,os_cache_warm,4000,6b0a7a2666fe04e84ceeb1176995eec3c8cb8a2be83c2b91cf1255df522b0f40,1,868323,868323,3103,137,28,388,3762,exact_source_payload_semantic_not_current
D-bounded,random_entity_lookup,deep_dependency_chain,os_cache_warm,4000,6b0a7a2666fe04e84ceeb1176995eec3c8cb8a2be83c2b91cf1255df522b0f40,1,868323,868323,1722,137,29,416,2861,exact_source_payload_semantic_not_current
D-bounded,near_dependency,deep_dependency_chain,os_cache_warm,4000,6b0a7a2666fe04e84ceeb1176995eec3c8cb8a2be83c2b91cf1255df522b0f40,2,868323,868323,903,353,0,343,1312,requires_full_admission_for_formula
D-bounded,near_dependency,deep_dependency_chain,os_cache_warm,4000,6b0a7a2666fe04e84ceeb1176995eec3c8cb8a2be83c2b91cf1255df522b0f40,2,868323,868323,791,353,1,336,1170,requires_full_admission_for_formula
D-bounded,near_dependency,deep_dependency_chain,os_cache_warm,4000,6b0a7a2666fe04e84ceeb1176995eec3c8cb8a2be83c2b91cf1255df522b0f40,2,868323,868323,831,353,2,345,1215,requires_full_admission_for_formula
D-bounded,near_dependency,deep_dependency_chain,os_cache_warm,4000,6b0a7a2666fe04e84ceeb1176995eec3c8cb8a2be83c2b91cf1255df522b0f40,2,868323,868323,840,353,3,336,1200,requires_full_admission_for_formula
D-bounded,near_dependency,deep_dependency_chain,os_cache_warm,4000,6b0a7a2666fe04e84ceeb1176995eec3c8cb8a2be83c2b91cf1255df522b0f40,2,868323,868323,1683,353,4,336,2073,requires_full_admission_for_formula
D-bounded,near_dependency,deep_dependency_chain,os_cache_warm,4000,6b0a7a2666fe04e84ceeb1176995eec3c8cb8a2be83c2b91cf1255df522b0f40,2,868323,868323,799,353,5,333,1150,requires_full_admission_for_formula
D-bounded,near_dependency,deep_dependency_chain,os_cache_warm,4000,6b0a7a2666fe04e84ceeb1176995eec3c8cb8a2be83c2b91cf1255df522b0f40,2,868323,868323,774,353,6,1461,1318,requires_full_admission_for_formula
D-bounded,near_dependency,deep_dependency_chain,os_cache_warm,4000,6b0a7a2666fe04e84ceeb1176995eec3c8cb8a2be83c2b91cf1255df522b0f40,2,868323,868323,1632,353,7,427,3026,requires_full_admission_for_formula
D-bounded,near_dependency,deep_dependency_chain,os_cache_warm,4000,6b0a7a2666fe04e84ceeb1176995eec3c8cb8a2be83c2b91cf1255df522b0f40,2,868323,868323,925,353,8,338,1304,requires_full_admission_for_formula
D-bounded,near_dependency,deep_dependency_chain,os_cache_warm,4000,6b0a7a2666fe04e84ceeb1176995eec3c8cb8a2be83c2b91cf1255df522b0f40,2,868323,868323,1013,353,9,600,1773,requires_full_admission_for_formula
D-bounded,near_dependency,deep_dependency_chain,os_cache_warm,4000,6b0a7a2666fe04e84ceeb1176995eec3c8cb8a2be83c2b91cf1255df522b0f40,2,868323,868323,1287,353,10,959,1731,requires_full_admission_for_formula
D-bounded,near_dependency,deep_dependency_chain,os_cache_warm,4000,6b0a7a2666fe04e84ceeb1176995eec3c8cb8a2be83c2b91cf1255df522b0f40,2,868323,868323,1473,353,11,348,2143,requires_full_admission_for_formula
D-bounded,near_dependency,deep_dependency_chain,os_cache_warm,4000,6b0a7a2666fe04e84ceeb1176995eec3c8cb8a2be83c2b91cf1255df522b0f40,2,868323,868323,881,353,12,397,1368,requires_full_admission_for_formula
D-bounded,near_dependency,deep_dependency_chain,os_cache_warm,4000,6b0a7a2666fe04e84ceeb1176995eec3c8cb8a2be83c2b91cf1255df522b0f40,2,868323,868323,1176,353,13,753,2142,requires_full_admission_for_formula
D-bounded,near_dependency,deep_dependency_chain,os_cache_warm,4000,6b0a7a2666fe04e84ceeb1176995eec3c8cb8a2be83c2b91cf1255df522b0f40,2,868323,868323,2650,353,14,1410,4302,requires_full_admission_for_formula
D-bounded,near_dependency,deep_dependency_chain,os_cache_warm,4000,6b0a7a2666fe04e84ceeb1176995eec3c8cb8a2be83c2b91cf1255df522b0f40,2,868323,868323,2650,353,15,353,3087,requires_full_admission_for_formula
D-bounded,near_dependency,deep_dependency_chain,os_cache_warm,4000,6b0a7a2666fe04e84ceeb1176995eec3c8cb8a2be83c2b91cf1255df522b0f40,2,868323,868323,2385,353,16,358,2822,requires_full_admission_for_formula
D-bounded,near_dependency,deep_dependency_chain,os_cache_warm,4000,6b0a7a2666fe04e84ceeb1176995eec3c8cb8a2be83c2b91cf1255df522b0f40,2,868323,868323,1948,353,17,364,2413,requires_full_admission_for_formula
D-bounded,near_dependency,deep_dependency_chain,os_cache_warm,4000,6b0a7a2666fe04e84ceeb1176995eec3c8cb8a2be83c2b91cf1255df522b0f40,2,868323,868323,1095,353,18,1102,1620,requires_full_admission_for_formula
D-bounded,near_dependency,deep_dependency_chain,os_cache_warm,4000,6b0a7a2666fe04e84ceeb1176995eec3c8cb8a2be83c2b91cf1255df522b0f40,2,868323,868323,1995,353,19,358,2448,requires_full_admission_for_formula
D-bounded,near_dependency,deep_dependency_chain,os_cache_warm,4000,6b0a7a2666fe04e84ceeb1176995eec3c8cb8a2be83c2b91cf1255df522b0f40,2,868323,868323,4619,353,20,349,6824,requires_full_admission_for_formula
D-bounded,near_dependency,deep_dependency_chain,os_cache_warm,4000,6b0a7a2666fe04e84ceeb1176995eec3c8cb8a2be83c2b91cf1255df522b0f40,2,868323,868323,891,353,21,619,1308,requires_full_admission_for_formula
D-bounded,near_dependency,deep_dependency_chain,os_cache_warm,4000,6b0a7a2666fe04e84ceeb1176995eec3c8cb8a2be83c2b91cf1255df522b0f40,2,868323,868323,835,353,22,956,1234,requires_full_admission_for_formula
D-bounded,near_dependency,deep_dependency_chain,os_cache_warm,4000,6b0a7a2666fe04e84ceeb1176995eec3c8cb8a2be83c2b91cf1255df522b0f40,2,868323,868323,4831,353,23,922,5355,requires_full_admission_for_formula
D-bounded,near_dependency,deep_dependency_chain,os_cache_warm,4000,6b0a7a2666fe04e84ceeb1176995eec3c8cb8a2be83c2b91cf1255df522b0f40,2,868323,868323,889,353,24,556,1438,requires_full_admission_for_formula
D-bounded,near_dependency,deep_dependency_chain,os_cache_warm,4000,6b0a7a2666fe04e84ceeb1176995eec3c8cb8a2be83c2b91cf1255df522b0f40,2,868323,868323,1518,353,25,355,2194,requires_full_admission_for_formula
D-bounded,near_dependency,deep_dependency_chain,os_cache_warm,4000,6b0a7a2666fe04e84ceeb1176995eec3c8cb8a2be83c2b91cf1255df522b0f40,2,868323,868323,1055,353,26,352,1466,requires_full_admission_for_formula
D-bounded,near_dependency,deep_dependency_chain,os_cache_warm,4000,6b0a7a2666fe04e84ceeb1176995eec3c8cb8a2be83c2b91cf1255df522b0f40,2,868323,868323,833,353,27,338,1195,requires_full_admission_for_formula
D-bounded,near_dependency,deep_dependency_chain,os_cache_warm,4000,6b0a7a2666fe04e84ceeb1176995eec3c8cb8a2be83c2b91cf1255df522b0f40,2,868323,868323,1372,353,28,484,2339,requires_full_admission_for_formula
D-bounded,near_dependency,deep_dependency_chain,os_cache_warm,4000,6b0a7a2666fe04e84ceeb1176995eec3c8cb8a2be83c2b91cf1255df522b0f40,2,868323,868323,1576,353,29,365,3289,requires_full_admission_for_formula
D-bounded,random_mid_dependency,deep_dependency_chain,os_cache_warm,4000,6b0a7a2666fe04e84ceeb1176995eec3c8cb8a2be83c2b91cf1255df522b0f40,2001,868323,868323,2872,432137,0,15963,28405,requires_full_admission_for_formula
D-bounded,random_mid_dependency,deep_dependency_chain,os_cache_warm,4000,6b0a7a2666fe04e84ceeb1176995eec3c8cb8a2be83c2b91cf1255df522b0f40,2001,868323,868323,1066,432137,1,15717,16530,requires_full_admission_for_formula
D-bounded,random_mid_dependency,deep_dependency_chain,os_cache_warm,4000,6b0a7a2666fe04e84ceeb1176995eec3c8cb8a2be83c2b91cf1255df522b0f40,2001,868323,868323,1213,432137,2,25694,19748,requires_full_admission_for_formula
D-bounded,random_mid_dependency,deep_dependency_chain,os_cache_warm,4000,6b0a7a2666fe04e84ceeb1176995eec3c8cb8a2be83c2b91cf1255df522b0f40,2001,868323,868323,5090,432137,3,20566,24582,requires_full_admission_for_formula
D-bounded,random_mid_dependency,deep_dependency_chain,os_cache_warm,4000,6b0a7a2666fe04e84ceeb1176995eec3c8cb8a2be83c2b91cf1255df522b0f40,2001,868323,868323,1263,432137,4,15958,22635,requires_full_admission_for_formula
D-bounded,random_mid_dependency,deep_dependency_chain,os_cache_warm,4000,6b0a7a2666fe04e84ceeb1176995eec3c8cb8a2be83c2b91cf1255df522b0f40,2001,868323,868323,961,432137,5,14958,16535,requires_full_admission_for_formula
D-bounded,random_mid_dependency,deep_dependency_chain,os_cache_warm,4000,6b0a7a2666fe04e84ceeb1176995eec3c8cb8a2be83c2b91cf1255df522b0f40,2001,868323,868323,1225,432137,6,27237,18887,requires_full_admission_for_formula
D-bounded,random_mid_dependency,deep_dependency_chain,os_cache_warm,4000,6b0a7a2666fe04e84ceeb1176995eec3c8cb8a2be83c2b91cf1255df522b0f40,2001,868323,868323,1034,432137,7,21956,19452,requires_full_admission_for_formula
D-bounded,random_mid_dependency,deep_dependency_chain,os_cache_warm,4000,6b0a7a2666fe04e84ceeb1176995eec3c8cb8a2be83c2b91cf1255df522b0f40,2001,868323,868323,6925,432137,8,27609,35330,requires_full_admission_for_formula
D-bounded,random_mid_dependency,deep_dependency_chain,os_cache_warm,4000,6b0a7a2666fe04e84ceeb1176995eec3c8cb8a2be83c2b91cf1255df522b0f40,2001,868323,868323,6297,432137,9,26723,32585,requires_full_admission_for_formula
D-bounded,random_mid_dependency,deep_dependency_chain,os_cache_warm,4000,6b0a7a2666fe04e84ceeb1176995eec3c8cb8a2be83c2b91cf1255df522b0f40,2001,868323,868323,1898,432137,10,25187,26980,requires_full_admission_for_formula
D-bounded,random_mid_dependency,deep_dependency_chain,os_cache_warm,4000,6b0a7a2666fe04e84ceeb1176995eec3c8cb8a2be83c2b91cf1255df522b0f40,2001,868323,868323,8195,432137,11,55271,43107,requires_full_admission_for_formula
D-bounded,random_mid_dependency,deep_dependency_chain,os_cache_warm,4000,6b0a7a2666fe04e84ceeb1176995eec3c8cb8a2be83c2b91cf1255df522b0f40,2001,868323,868323,983,432137,12,31381,30769,requires_full_admission_for_formula
D-bounded,random_mid_dependency,deep_dependency_chain,os_cache_warm,4000,6b0a7a2666fe04e84ceeb1176995eec3c8cb8a2be83c2b91cf1255df522b0f40,2001,868323,868323,3541,432137,13,15037,17262,requires_full_admission_for_formula
D-bounded,random_mid_dependency,deep_dependency_chain,os_cache_warm,4000,6b0a7a2666fe04e84ceeb1176995eec3c8cb8a2be83c2b91cf1255df522b0f40,2001,868323,868323,1059,432137,14,14583,14710,requires_full_admission_for_formula
D-bounded,random_mid_dependency,deep_dependency_chain,os_cache_warm,4000,6b0a7a2666fe04e84ceeb1176995eec3c8cb8a2be83c2b91cf1255df522b0f40,2001,868323,868323,2959,432137,15,15167,18750,requires_full_admission_for_formula
D-bounded,random_mid_dependency,deep_dependency_chain,os_cache_warm,4000,6b0a7a2666fe04e84ceeb1176995eec3c8cb8a2be83c2b91cf1255df522b0f40,2001,868323,868323,922,432137,16,18813,18075,requires_full_admission_for_formula
D-bounded,random_mid_dependency,deep_dependency_chain,os_cache_warm,4000,6b0a7a2666fe04e84ceeb1176995eec3c8cb8a2be83c2b91cf1255df522b0f40,2001,868323,868323,3834,432137,17,17292,20019,requires_full_admission_for_formula
D-bounded,random_mid_dependency,deep_dependency_chain,os_cache_warm,4000,6b0a7a2666fe04e84ceeb1176995eec3c8cb8a2be83c2b91cf1255df522b0f40,2001,868323,868323,1658,432137,18,15498,18005,requires_full_admission_for_formula
D-bounded,random_mid_dependency,deep_dependency_chain,os_cache_warm,4000,6b0a7a2666fe04e84ceeb1176995eec3c8cb8a2be83c2b91cf1255df522b0f40,2001,868323,868323,1322,432137,19,16190,14248,requires_full_admission_for_formula
D-bounded,random_mid_dependency,deep_dependency_chain,os_cache_warm,4000,6b0a7a2666fe04e84ceeb1176995eec3c8cb8a2be83c2b91cf1255df522b0f40,2001,868323,868323,1023,432137,20,10991,14234,requires_full_admission_for_formula
D-bounded,random_mid_dependency,deep_dependency_chain,os_cache_warm,4000,6b0a7a2666fe04e84ceeb1176995eec3c8cb8a2be83c2b91cf1255df522b0f40,2001,868323,868323,1248,432137,21,58504,13796,requires_full_admission_for_formula
D-bounded,random_mid_dependency,deep_dependency_chain,os_cache_warm,4000,6b0a7a2666fe04e84ceeb1176995eec3c8cb8a2be83c2b91cf1255df522b0f40,2001,868323,868323,2512,432137,22,57735,38536,requires_full_admission_for_formula
D-bounded,random_mid_dependency,deep_dependency_chain,os_cache_warm,4000,6b0a7a2666fe04e84ceeb1176995eec3c8cb8a2be83c2b91cf1255df522b0f40,2001,868323,868323,8623,432137,23,18262,39502,requires_full_admission_for_formula
D-bounded,random_mid_dependency,deep_dependency_chain,os_cache_warm,4000,6b0a7a2666fe04e84ceeb1176995eec3c8cb8a2be83c2b91cf1255df522b0f40,2001,868323,868323,935,432137,24,17574,25154,requires_full_admission_for_formula
D-bounded,random_mid_dependency,deep_dependency_chain,os_cache_warm,4000,6b0a7a2666fe04e84ceeb1176995eec3c8cb8a2be83c2b91cf1255df522b0f40,2001,868323,868323,1797,432137,25,13548,18920,requires_full_admission_for_formula
D-bounded,random_mid_dependency,deep_dependency_chain,os_cache_warm,4000,6b0a7a2666fe04e84ceeb1176995eec3c8cb8a2be83c2b91cf1255df522b0f40,2001,868323,868323,1739,432137,26,14849,14077,requires_full_admission_for_formula
D-bounded,random_mid_dependency,deep_dependency_chain,os_cache_warm,4000,6b0a7a2666fe04e84ceeb1176995eec3c8cb8a2be83c2b91cf1255df522b0f40,2001,868323,868323,2766,432137,27,32648,20487,requires_full_admission_for_formula
D-bounded,random_mid_dependency,deep_dependency_chain,os_cache_warm,4000,6b0a7a2666fe04e84ceeb1176995eec3c8cb8a2be83c2b91cf1255df522b0f40,2001,868323,868323,2789,432137,28,11308,15087,requires_full_admission_for_formula
D-bounded,random_mid_dependency,deep_dependency_chain,os_cache_warm,4000,6b0a7a2666fe04e84ceeb1176995eec3c8cb8a2be83c2b91cf1255df522b0f40,2001,868323,868323,1055,432137,29,12878,16996,requires_full_admission_for_formula
D-bounded,far_dependency,deep_dependency_chain,os_cache_warm,4000,6b0a7a2666fe04e84ceeb1176995eec3c8cb8a2be83c2b91cf1255df522b0f40,4000,868323,868323,2560,863921,0,28182,34599,requires_full_admission_for_formula
D-bounded,far_dependency,deep_dependency_chain,os_cache_warm,4000,6b0a7a2666fe04e84ceeb1176995eec3c8cb8a2be83c2b91cf1255df522b0f40,4000,868323,868323,1051,863921,1,32360,37794,requires_full_admission_for_formula
D-bounded,far_dependency,deep_dependency_chain,os_cache_warm,4000,6b0a7a2666fe04e84ceeb1176995eec3c8cb8a2be83c2b91cf1255df522b0f40,4000,868323,868323,2295,863921,2,24640,34969,requires_full_admission_for_formula
D-bounded,far_dependency,deep_dependency_chain,os_cache_warm,4000,6b0a7a2666fe04e84ceeb1176995eec3c8cb8a2be83c2b91cf1255df522b0f40,4000,868323,868323,1678,863921,3,25878,23856,requires_full_admission_for_formula
D-bounded,far_dependency,deep_dependency_chain,os_cache_warm,4000,6b0a7a2666fe04e84ceeb1176995eec3c8cb8a2be83c2b91cf1255df522b0f40,4000,868323,868323,1024,863921,4,23628,29009,requires_full_admission_for_formula
D-bounded,far_dependency,deep_dependency_chain,os_cache_warm,4000,6b0a7a2666fe04e84ceeb1176995eec3c8cb8a2be83c2b91cf1255df522b0f40,4000,868323,868323,989,863921,5,30049,30750,requires_full_admission_for_formula
D-bounded,far_dependency,deep_dependency_chain,os_cache_warm,4000,6b0a7a2666fe04e84ceeb1176995eec3c8cb8a2be83c2b91cf1255df522b0f40,4000,868323,868323,1593,863921,6,29073,28599,requires_full_admission_for_formula
D-bounded,far_dependency,deep_dependency_chain,os_cache_warm,4000,6b0a7a2666fe04e84ceeb1176995eec3c8cb8a2be83c2b91cf1255df522b0f40,4000,868323,868323,1856,863921,7,32410,34935,requires_full_admission_for_formula
D-bounded,far_dependency,deep_dependency_chain,os_cache_warm,4000,6b0a7a2666fe04e84ceeb1176995eec3c8cb8a2be83c2b91cf1255df522b0f40,4000,868323,868323,1190,863921,8,39745,31054,requires_full_admission_for_formula
D-bounded,far_dependency,deep_dependency_chain,os_cache_warm,4000,6b0a7a2666fe04e84ceeb1176995eec3c8cb8a2be83c2b91cf1255df522b0f40,4000,868323,868323,1232,863921,9,29534,36932,requires_full_admission_for_formula
D-bounded,far_dependency,deep_dependency_chain,os_cache_warm,4000,6b0a7a2666fe04e84ceeb1176995eec3c8cb8a2be83c2b91cf1255df522b0f40,4000,868323,868323,3059,863921,10,34441,37004,requires_full_admission_for_formula
D-bounded,far_dependency,deep_dependency_chain,os_cache_warm,4000,6b0a7a2666fe04e84ceeb1176995eec3c8cb8a2be83c2b91cf1255df522b0f40,4000,868323,868323,1062,863921,11,46284,42585,requires_full_admission_for_formula
D-bounded,far_dependency,deep_dependency_chain,os_cache_warm,4000,6b0a7a2666fe04e84ceeb1176995eec3c8cb8a2be83c2b91cf1255df522b0f40,4000,868323,868323,1640,863921,12,42234,44942,requires_full_admission_for_formula
D-bounded,far_dependency,deep_dependency_chain,os_cache_warm,4000,6b0a7a2666fe04e84ceeb1176995eec3c8cb8a2be83c2b91cf1255df522b0f40,4000,868323,868323,1880,863921,13,32576,29536,requires_full_admission_for_formula
D-bounded,far_dependency,deep_dependency_chain,os_cache_warm,4000,6b0a7a2666fe04e84ceeb1176995eec3c8cb8a2be83c2b91cf1255df522b0f40,4000,868323,868323,2595,863921,14,36997,36276,requires_full_admission_for_formula
D-bounded,far_dependency,deep_dependency_chain,os_cache_warm,4000,6b0a7a2666fe04e84ceeb1176995eec3c8cb8a2be83c2b91cf1255df522b0f40,4000,868323,868323,3316,863921,15,38848,48541,requires_full_admission_for_formula
D-bounded,far_dependency,deep_dependency_chain,os_cache_warm,4000,6b0a7a2666fe04e84ceeb1176995eec3c8cb8a2be83c2b91cf1255df522b0f40,4000,868323,868323,1336,863921,16,27851,27906,requires_full_admission_for_formula
D-bounded,far_dependency,deep_dependency_chain,os_cache_warm,4000,6b0a7a2666fe04e84ceeb1176995eec3c8cb8a2be83c2b91cf1255df522b0f40,4000,868323,868323,1531,863921,17,30579,30679,requires_full_admission_for_formula
D-bounded,far_dependency,deep_dependency_chain,os_cache_warm,4000,6b0a7a2666fe04e84ceeb1176995eec3c8cb8a2be83c2b91cf1255df522b0f40,4000,868323,868323,1437,863921,18,30233,24166,requires_full_admission_for_formula
D-bounded,far_dependency,deep_dependency_chain,os_cache_warm,4000,6b0a7a2666fe04e84ceeb1176995eec3c8cb8a2be83c2b91cf1255df522b0f40,4000,868323,868323,2215,863921,19,29506,34756,requires_full_admission_for_formula
D-bounded,far_dependency,deep_dependency_chain,os_cache_warm,4000,6b0a7a2666fe04e84ceeb1176995eec3c8cb8a2be83c2b91cf1255df522b0f40,4000,868323,868323,1017,863921,20,43664,26946,requires_full_admission_for_formula
D-bounded,far_dependency,deep_dependency_chain,os_cache_warm,4000,6b0a7a2666fe04e84ceeb1176995eec3c8cb8a2be83c2b91cf1255df522b0f40,4000,868323,868323,1135,863921,21,28207,28259,requires_full_admission_for_formula
D-bounded,far_dependency,deep_dependency_chain,os_cache_warm,4000,6b0a7a2666fe04e84ceeb1176995eec3c8cb8a2be83c2b91cf1255df522b0f40,4000,868323,868323,1203,863921,22,23951,32330,requires_full_admission_for_formula
D-bounded,far_dependency,deep_dependency_chain,os_cache_warm,4000,6b0a7a2666fe04e84ceeb1176995eec3c8cb8a2be83c2b91cf1255df522b0f40,4000,868323,868323,1308,863921,23,29129,26789,requires_full_admission_for_formula
D-bounded,far_dependency,deep_dependency_chain,os_cache_warm,4000,6b0a7a2666fe04e84ceeb1176995eec3c8cb8a2be83c2b91cf1255df522b0f40,4000,868323,868323,2437,863921,24,29614,30990,requires_full_admission_for_formula
D-bounded,far_dependency,deep_dependency_chain,os_cache_warm,4000,6b0a7a2666fe04e84ceeb1176995eec3c8cb8a2be83c2b91cf1255df522b0f40,4000,868323,868323,978,863921,25,45939,34020,requires_full_admission_for_formula
D-bounded,far_dependency,deep_dependency_chain,os_cache_warm,4000,6b0a7a2666fe04e84ceeb1176995eec3c8cb8a2be83c2b91cf1255df522b0f40,4000,868323,868323,1507,863921,26,30794,30341,requires_full_admission_for_formula
D-bounded,far_dependency,deep_dependency_chain,os_cache_warm,4000,6b0a7a2666fe04e84ceeb1176995eec3c8cb8a2be83c2b91cf1255df522b0f40,4000,868323,868323,1536,863921,27,31543,31035,requires_full_admission_for_formula
D-bounded,far_dependency,deep_dependency_chain,os_cache_warm,4000,6b0a7a2666fe04e84ceeb1176995eec3c8cb8a2be83c2b91cf1255df522b0f40,4000,868323,868323,994,863921,28,45755,36898,requires_full_admission_for_formula
D-bounded,far_dependency,deep_dependency_chain,os_cache_warm,4000,6b0a7a2666fe04e84ceeb1176995eec3c8cb8a2be83c2b91cf1255df522b0f40,4000,868323,868323,1002,863921,29,29102,24110,requires_full_admission_for_formula
D-bounded,cold_reverse_dependents,deep_dependency_chain,os_cache_warm,4000,6b0a7a2666fe04e84ceeb1176995eec3c8cb8a2be83c2b91cf1255df522b0f40,3999,868323,868323,970,863784,0,25901,25024,requires_full_admission
D-bounded,cold_reverse_dependents,deep_dependency_chain,os_cache_warm,4000,6b0a7a2666fe04e84ceeb1176995eec3c8cb8a2be83c2b91cf1255df522b0f40,3999,868323,868323,1345,863784,1,45394,32160,requires_full_admission
D-bounded,cold_reverse_dependents,deep_dependency_chain,os_cache_warm,4000,6b0a7a2666fe04e84ceeb1176995eec3c8cb8a2be83c2b91cf1255df522b0f40,3999,868323,868323,1010,863784,2,39171,50263,requires_full_admission
D-bounded,cold_reverse_dependents,deep_dependency_chain,os_cache_warm,4000,6b0a7a2666fe04e84ceeb1176995eec3c8cb8a2be83c2b91cf1255df522b0f40,3999,868323,868323,1496,863784,3,31351,54699,requires_full_admission
D-bounded,cold_reverse_dependents,deep_dependency_chain,os_cache_warm,4000,6b0a7a2666fe04e84ceeb1176995eec3c8cb8a2be83c2b91cf1255df522b0f40,3999,868323,868323,3533,863784,4,37335,39466,requires_full_admission
D-bounded,cold_reverse_dependents,deep_dependency_chain,os_cache_warm,4000,6b0a7a2666fe04e84ceeb1176995eec3c8cb8a2be83c2b91cf1255df522b0f40,3999,868323,868323,2287,863784,5,35707,30688,requires_full_admission
D-bounded,cold_reverse_dependents,deep_dependency_chain,os_cache_warm,4000,6b0a7a2666fe04e84ceeb1176995eec3c8cb8a2be83c2b91cf1255df522b0f40,3999,868323,868323,965,863784,6,63389,44489,requires_full_admission
D-bounded,cold_reverse_dependents,deep_dependency_chain,os_cache_warm,4000,6b0a7a2666fe04e84ceeb1176995eec3c8cb8a2be83c2b91cf1255df522b0f40,3999,868323,868323,4427,863784,7,35381,54576,requires_full_admission
D-bounded,cold_reverse_dependents,deep_dependency_chain,os_cache_warm,4000,6b0a7a2666fe04e84ceeb1176995eec3c8cb8a2be83c2b91cf1255df522b0f40,3999,868323,868323,1324,863784,8,77086,40836,requires_full_admission
D-bounded,cold_reverse_dependents,deep_dependency_chain,os_cache_warm,4000,6b0a7a2666fe04e84ceeb1176995eec3c8cb8a2be83c2b91cf1255df522b0f40,3999,868323,868323,2811,863784,9,52406,63516,requires_full_admission
D-bounded,cold_reverse_dependents,deep_dependency_chain,os_cache_warm,4000,6b0a7a2666fe04e84ceeb1176995eec3c8cb8a2be83c2b91cf1255df522b0f40,3999,868323,868323,1656,863784,10,51562,45913,requires_full_admission
D-bounded,cold_reverse_dependents,deep_dependency_chain,os_cache_warm,4000,6b0a7a2666fe04e84ceeb1176995eec3c8cb8a2be83c2b91cf1255df522b0f40,3999,868323,868323,2347,863784,11,47117,45097,requires_full_admission
D-bounded,cold_reverse_dependents,deep_dependency_chain,os_cache_warm,4000,6b0a7a2666fe04e84ceeb1176995eec3c8cb8a2be83c2b91cf1255df522b0f40,3999,868323,868323,1201,863784,12,47261,42337,requires_full_admission
D-bounded,cold_reverse_dependents,deep_dependency_chain,os_cache_warm,4000,6b0a7a2666fe04e84ceeb1176995eec3c8cb8a2be83c2b91cf1255df522b0f40,3999,868323,868323,2097,863784,13,50716,39429,requires_full_admission
D-bounded,cold_reverse_dependents,deep_dependency_chain,os_cache_warm,4000,6b0a7a2666fe04e84ceeb1176995eec3c8cb8a2be83c2b91cf1255df522b0f40,3999,868323,868323,2460,863784,14,43743,51455,requires_full_admission
D-bounded,cold_reverse_dependents,deep_dependency_chain,os_cache_warm,4000,6b0a7a2666fe04e84ceeb1176995eec3c8cb8a2be83c2b91cf1255df522b0f40,3999,868323,868323,1104,863784,15,34364,33716,requires_full_admission
D-bounded,cold_reverse_dependents,deep_dependency_chain,os_cache_warm,4000,6b0a7a2666fe04e84ceeb1176995eec3c8cb8a2be83c2b91cf1255df522b0f40,3999,868323,868323,1880,863784,16,91504,38873,requires_full_admission
D-bounded,cold_reverse_dependents,deep_dependency_chain,os_cache_warm,4000,6b0a7a2666fe04e84ceeb1176995eec3c8cb8a2be83c2b91cf1255df522b0f40,3999,868323,868323,22886,863784,17,204198,79424,requires_full_admission
D-bounded,cold_reverse_dependents,deep_dependency_chain,os_cache_warm,4000,6b0a7a2666fe04e84ceeb1176995eec3c8cb8a2be83c2b91cf1255df522b0f40,3999,868323,868323,9310,863784,18,52055,75525,requires_full_admission
D-bounded,cold_reverse_dependents,deep_dependency_chain,os_cache_warm,4000,6b0a7a2666fe04e84ceeb1176995eec3c8cb8a2be83c2b91cf1255df522b0f40,3999,868323,868323,1489,863784,19,46074,44149,requires_full_admission
D-bounded,cold_reverse_dependents,deep_dependency_chain,os_cache_warm,4000,6b0a7a2666fe04e84ceeb1176995eec3c8cb8a2be83c2b91cf1255df522b0f40,3999,868323,868323,1722,863784,20,52646,43580,requires_full_admission
D-bounded,cold_reverse_dependents,deep_dependency_chain,os_cache_warm,4000,6b0a7a2666fe04e84ceeb1176995eec3c8cb8a2be83c2b91cf1255df522b0f40,3999,868323,868323,1071,863784,21,33945,34580,requires_full_admission
D-bounded,cold_reverse_dependents,deep_dependency_chain,os_cache_warm,4000,6b0a7a2666fe04e84ceeb1176995eec3c8cb8a2be83c2b91cf1255df522b0f40,3999,868323,868323,1770,863784,22,37259,34865,requires_full_admission
D-bounded,cold_reverse_dependents,deep_dependency_chain,os_cache_warm,4000,6b0a7a2666fe04e84ceeb1176995eec3c8cb8a2be83c2b91cf1255df522b0f40,3999,868323,868323,1739,863784,23,34207,37853,requires_full_admission
D-bounded,cold_reverse_dependents,deep_dependency_chain,os_cache_warm,4000,6b0a7a2666fe04e84ceeb1176995eec3c8cb8a2be83c2b91cf1255df522b0f40,3999,868323,868323,1327,863784,24,35150,27804,requires_full_admission
D-bounded,cold_reverse_dependents,deep_dependency_chain,os_cache_warm,4000,6b0a7a2666fe04e84ceeb1176995eec3c8cb8a2be83c2b91cf1255df522b0f40,3999,868323,868323,1214,863784,25,39116,44413,requires_full_admission
D-bounded,cold_reverse_dependents,deep_dependency_chain,os_cache_warm,4000,6b0a7a2666fe04e84ceeb1176995eec3c8cb8a2be83c2b91cf1255df522b0f40,3999,868323,868323,1009,863784,26,34692,31672,requires_full_admission
D-bounded,cold_reverse_dependents,deep_dependency_chain,os_cache_warm,4000,6b0a7a2666fe04e84ceeb1176995eec3c8cb8a2be83c2b91cf1255df522b0f40,3999,868323,868323,3567,863784,27,35497,38623,requires_full_admission
D-bounded,cold_reverse_dependents,deep_dependency_chain,os_cache_warm,4000,6b0a7a2666fe04e84ceeb1176995eec3c8cb8a2be83c2b91cf1255df522b0f40,3999,868323,868323,2313,863784,28,35121,37275,requires_full_admission
D-bounded,cold_reverse_dependents,deep_dependency_chain,os_cache_warm,4000,6b0a7a2666fe04e84ceeb1176995eec3c8cb8a2be83c2b91cf1255df522b0f40,3999,868323,868323,5635,863784,29,53373,54024,requires_full_admission
D-bounded,random_entity_lookup,deep_dependency_chain,os_cache_warm,16000,7c78218a41707f7e4e299ef06ef6f40d654c4e145ddd9aa613a187f110f66fe5,1,3472323,3472323,4223,137,0,1644,7524,exact_source_payload_semantic_not_current
D-bounded,random_entity_lookup,deep_dependency_chain,os_cache_warm,16000,7c78218a41707f7e4e299ef06ef6f40d654c4e145ddd9aa613a187f110f66fe5,1,3472323,3472323,2618,137,1,2789,4421,exact_source_payload_semantic_not_current
D-bounded,random_entity_lookup,deep_dependency_chain,os_cache_warm,16000,7c78218a41707f7e4e299ef06ef6f40d654c4e145ddd9aa613a187f110f66fe5,1,3472323,3472323,4119,137,2,1848,8308,exact_source_payload_semantic_not_current
D-bounded,random_entity_lookup,deep_dependency_chain,os_cache_warm,16000,7c78218a41707f7e4e299ef06ef6f40d654c4e145ddd9aa613a187f110f66fe5,1,3472323,3472323,4496,137,3,2627,6743,exact_source_payload_semantic_not_current
D-bounded,random_entity_lookup,deep_dependency_chain,os_cache_warm,16000,7c78218a41707f7e4e299ef06ef6f40d654c4e145ddd9aa613a187f110f66fe5,1,3472323,3472323,4727,137,4,4716,7442,exact_source_payload_semantic_not_current
D-bounded,random_entity_lookup,deep_dependency_chain,os_cache_warm,16000,7c78218a41707f7e4e299ef06ef6f40d654c4e145ddd9aa613a187f110f66fe5,1,3472323,3472323,3099,137,5,4063,5504,exact_source_payload_semantic_not_current
D-bounded,random_entity_lookup,deep_dependency_chain,os_cache_warm,16000,7c78218a41707f7e4e299ef06ef6f40d654c4e145ddd9aa613a187f110f66fe5,1,3472323,3472323,3461,137,6,1645,8521,exact_source_payload_semantic_not_current
D-bounded,random_entity_lookup,deep_dependency_chain,os_cache_warm,16000,7c78218a41707f7e4e299ef06ef6f40d654c4e145ddd9aa613a187f110f66fe5,1,3472323,3472323,3746,137,7,3241,8582,exact_source_payload_semantic_not_current
D-bounded,random_entity_lookup,deep_dependency_chain,os_cache_warm,16000,7c78218a41707f7e4e299ef06ef6f40d654c4e145ddd9aa613a187f110f66fe5,1,3472323,3472323,4656,137,8,2293,11279,exact_source_payload_semantic_not_current
D-bounded,random_entity_lookup,deep_dependency_chain,os_cache_warm,16000,7c78218a41707f7e4e299ef06ef6f40d654c4e145ddd9aa613a187f110f66fe5,1,3472323,3472323,4600,137,9,6893,12879,exact_source_payload_semantic_not_current
D-bounded,random_entity_lookup,deep_dependency_chain,os_cache_warm,16000,7c78218a41707f7e4e299ef06ef6f40d654c4e145ddd9aa613a187f110f66fe5,1,3472323,3472323,5092,137,10,8333,13085,exact_source_payload_semantic_not_current
D-bounded,random_entity_lookup,deep_dependency_chain,os_cache_warm,16000,7c78218a41707f7e4e299ef06ef6f40d654c4e145ddd9aa613a187f110f66fe5,1,3472323,3472323,5242,137,11,5842,7401,exact_source_payload_semantic_not_current
D-bounded,random_entity_lookup,deep_dependency_chain,os_cache_warm,16000,7c78218a41707f7e4e299ef06ef6f40d654c4e145ddd9aa613a187f110f66fe5,1,3472323,3472323,4429,137,12,2723,7661,exact_source_payload_semantic_not_current
D-bounded,random_entity_lookup,deep_dependency_chain,os_cache_warm,16000,7c78218a41707f7e4e299ef06ef6f40d654c4e145ddd9aa613a187f110f66fe5,1,3472323,3472323,3994,137,13,2219,6042,exact_source_payload_semantic_not_current
D-bounded,random_entity_lookup,deep_dependency_chain,os_cache_warm,16000,7c78218a41707f7e4e299ef06ef6f40d654c4e145ddd9aa613a187f110f66fe5,1,3472323,3472323,3180,137,14,1765,5574,exact_source_payload_semantic_not_current
D-bounded,random_entity_lookup,deep_dependency_chain,os_cache_warm,16000,7c78218a41707f7e4e299ef06ef6f40d654c4e145ddd9aa613a187f110f66fe5,1,3472323,3472323,3036,137,15,2028,7023,exact_source_payload_semantic_not_current
D-bounded,random_entity_lookup,deep_dependency_chain,os_cache_warm,16000,7c78218a41707f7e4e299ef06ef6f40d654c4e145ddd9aa613a187f110f66fe5,1,3472323,3472323,4656,137,16,3763,11180,exact_source_payload_semantic_not_current
D-bounded,random_entity_lookup,deep_dependency_chain,os_cache_warm,16000,7c78218a41707f7e4e299ef06ef6f40d654c4e145ddd9aa613a187f110f66fe5,1,3472323,3472323,2823,137,17,5495,8636,exact_source_payload_semantic_not_current
D-bounded,random_entity_lookup,deep_dependency_chain,os_cache_warm,16000,7c78218a41707f7e4e299ef06ef6f40d654c4e145ddd9aa613a187f110f66fe5,1,3472323,3472323,4478,137,18,1900,10591,exact_source_payload_semantic_not_current
D-bounded,random_entity_lookup,deep_dependency_chain,os_cache_warm,16000,7c78218a41707f7e4e299ef06ef6f40d654c4e145ddd9aa613a187f110f66fe5,1,3472323,3472323,3177,137,19,1622,5214,exact_source_payload_semantic_not_current
D-bounded,random_entity_lookup,deep_dependency_chain,os_cache_warm,16000,7c78218a41707f7e4e299ef06ef6f40d654c4e145ddd9aa613a187f110f66fe5,1,3472323,3472323,3772,137,20,2206,7169,exact_source_payload_semantic_not_current
D-bounded,random_entity_lookup,deep_dependency_chain,os_cache_warm,16000,7c78218a41707f7e4e299ef06ef6f40d654c4e145ddd9aa613a187f110f66fe5,1,3472323,3472323,4798,137,21,3910,8717,exact_source_payload_semantic_not_current
D-bounded,random_entity_lookup,deep_dependency_chain,os_cache_warm,16000,7c78218a41707f7e4e299ef06ef6f40d654c4e145ddd9aa613a187f110f66fe5,1,3472323,3472323,3711,137,22,1830,8336,exact_source_payload_semantic_not_current
D-bounded,random_entity_lookup,deep_dependency_chain,os_cache_warm,16000,7c78218a41707f7e4e299ef06ef6f40d654c4e145ddd9aa613a187f110f66fe5,1,3472323,3472323,3820,137,23,4570,9635,exact_source_payload_semantic_not_current
D-bounded,random_entity_lookup,deep_dependency_chain,os_cache_warm,16000,7c78218a41707f7e4e299ef06ef6f40d654c4e145ddd9aa613a187f110f66fe5,1,3472323,3472323,2903,137,24,6435,6706,exact_source_payload_semantic_not_current
D-bounded,random_entity_lookup,deep_dependency_chain,os_cache_warm,16000,7c78218a41707f7e4e299ef06ef6f40d654c4e145ddd9aa613a187f110f66fe5,1,3472323,3472323,5187,137,25,2910,9917,exact_source_payload_semantic_not_current
D-bounded,random_entity_lookup,deep_dependency_chain,os_cache_warm,16000,7c78218a41707f7e4e299ef06ef6f40d654c4e145ddd9aa613a187f110f66fe5,1,3472323,3472323,2601,137,26,4154,4756,exact_source_payload_semantic_not_current
D-bounded,random_entity_lookup,deep_dependency_chain,os_cache_warm,16000,7c78218a41707f7e4e299ef06ef6f40d654c4e145ddd9aa613a187f110f66fe5,1,3472323,3472323,2575,137,27,2599,4371,exact_source_payload_semantic_not_current
D-bounded,random_entity_lookup,deep_dependency_chain,os_cache_warm,16000,7c78218a41707f7e4e299ef06ef6f40d654c4e145ddd9aa613a187f110f66fe5,1,3472323,3472323,4429,137,28,8496,9122,exact_source_payload_semantic_not_current
D-bounded,random_entity_lookup,deep_dependency_chain,os_cache_warm,16000,7c78218a41707f7e4e299ef06ef6f40d654c4e145ddd9aa613a187f110f66fe5,1,3472323,3472323,6849,137,29,5936,14188,exact_source_payload_semantic_not_current
D-bounded,near_dependency,deep_dependency_chain,os_cache_warm,16000,7c78218a41707f7e4e299ef06ef6f40d654c4e145ddd9aa613a187f110f66fe5,2,3472323,3472323,2555,353,0,1661,6017,requires_full_admission_for_formula
D-bounded,near_dependency,deep_dependency_chain,os_cache_warm,16000,7c78218a41707f7e4e299ef06ef6f40d654c4e145ddd9aa613a187f110f66fe5,2,3472323,3472323,3501,353,1,1574,7869,requires_full_admission_for_formula
D-bounded,near_dependency,deep_dependency_chain,os_cache_warm,16000,7c78218a41707f7e4e299ef06ef6f40d654c4e145ddd9aa613a187f110f66fe5,2,3472323,3472323,3623,353,2,5089,8865,requires_full_admission_for_formula
D-bounded,near_dependency,deep_dependency_chain,os_cache_warm,16000,7c78218a41707f7e4e299ef06ef6f40d654c4e145ddd9aa613a187f110f66fe5,2,3472323,3472323,2832,353,3,4767,8100,requires_full_admission_for_formula
D-bounded,near_dependency,deep_dependency_chain,os_cache_warm,16000,7c78218a41707f7e4e299ef06ef6f40d654c4e145ddd9aa613a187f110f66fe5,2,3472323,3472323,4295,353,4,4315,9067,requires_full_admission_for_formula
D-bounded,near_dependency,deep_dependency_chain,os_cache_warm,16000,7c78218a41707f7e4e299ef06ef6f40d654c4e145ddd9aa613a187f110f66fe5,2,3472323,3472323,5554,353,5,4619,8898,requires_full_admission_for_formula
D-bounded,near_dependency,deep_dependency_chain,os_cache_warm,16000,7c78218a41707f7e4e299ef06ef6f40d654c4e145ddd9aa613a187f110f66fe5,2,3472323,3472323,3870,353,6,6648,9739,requires_full_admission_for_formula
D-bounded,near_dependency,deep_dependency_chain,os_cache_warm,16000,7c78218a41707f7e4e299ef06ef6f40d654c4e145ddd9aa613a187f110f66fe5,2,3472323,3472323,4787,353,7,1548,9378,requires_full_admission_for_formula
D-bounded,near_dependency,deep_dependency_chain,os_cache_warm,16000,7c78218a41707f7e4e299ef06ef6f40d654c4e145ddd9aa613a187f110f66fe5,2,3472323,3472323,4210,353,8,7063,10198,requires_full_admission_for_formula
D-bounded,near_dependency,deep_dependency_chain,os_cache_warm,16000,7c78218a41707f7e4e299ef06ef6f40d654c4e145ddd9aa613a187f110f66fe5,2,3472323,3472323,3428,353,9,1706,7303,requires_full_admission_for_formula
D-bounded,near_dependency,deep_dependency_chain,os_cache_warm,16000,7c78218a41707f7e4e299ef06ef6f40d654c4e145ddd9aa613a187f110f66fe5,2,3472323,3472323,3898,353,10,6368,9210,requires_full_admission_for_formula
D-bounded,near_dependency,deep_dependency_chain,os_cache_warm,16000,7c78218a41707f7e4e299ef06ef6f40d654c4e145ddd9aa613a187f110f66fe5,2,3472323,3472323,9674,353,11,4147,12899,requires_full_admission_for_formula
D-bounded,near_dependency,deep_dependency_chain,os_cache_warm,16000,7c78218a41707f7e4e299ef06ef6f40d654c4e145ddd9aa613a187f110f66fe5,2,3472323,3472323,3446,353,12,5771,6941,requires_full_admission_for_formula
D-bounded,near_dependency,deep_dependency_chain,os_cache_warm,16000,7c78218a41707f7e4e299ef06ef6f40d654c4e145ddd9aa613a187f110f66fe5,2,3472323,3472323,4917,353,13,4596,11509,requires_full_admission_for_formula
D-bounded,near_dependency,deep_dependency_chain,os_cache_warm,16000,7c78218a41707f7e4e299ef06ef6f40d654c4e145ddd9aa613a187f110f66fe5,2,3472323,3472323,3999,353,14,1532,10754,requires_full_admission_for_formula
D-bounded,near_dependency,deep_dependency_chain,os_cache_warm,16000,7c78218a41707f7e4e299ef06ef6f40d654c4e145ddd9aa613a187f110f66fe5,2,3472323,3472323,2922,353,15,5077,13493,requires_full_admission_for_formula
D-bounded,near_dependency,deep_dependency_chain,os_cache_warm,16000,7c78218a41707f7e4e299ef06ef6f40d654c4e145ddd9aa613a187f110f66fe5,2,3472323,3472323,4811,353,16,5039,11671,requires_full_admission_for_formula
D-bounded,near_dependency,deep_dependency_chain,os_cache_warm,16000,7c78218a41707f7e4e299ef06ef6f40d654c4e145ddd9aa613a187f110f66fe5,2,3472323,3472323,3527,353,17,2398,6747,requires_full_admission_for_formula
D-bounded,near_dependency,deep_dependency_chain,os_cache_warm,16000,7c78218a41707f7e4e299ef06ef6f40d654c4e145ddd9aa613a187f110f66fe5,2,3472323,3472323,4279,353,18,3928,13393,requires_full_admission_for_formula
D-bounded,near_dependency,deep_dependency_chain,os_cache_warm,16000,7c78218a41707f7e4e299ef06ef6f40d654c4e145ddd9aa613a187f110f66fe5,2,3472323,3472323,3024,353,19,9224,8539,requires_full_admission_for_formula
D-bounded,near_dependency,deep_dependency_chain,os_cache_warm,16000,7c78218a41707f7e4e299ef06ef6f40d654c4e145ddd9aa613a187f110f66fe5,2,3472323,3472323,3417,353,20,4112,8011,requires_full_admission_for_formula
D-bounded,near_dependency,deep_dependency_chain,os_cache_warm,16000,7c78218a41707f7e4e299ef06ef6f40d654c4e145ddd9aa613a187f110f66fe5,2,3472323,3472323,3632,353,21,2886,7704,requires_full_admission_for_formula
D-bounded,near_dependency,deep_dependency_chain,os_cache_warm,16000,7c78218a41707f7e4e299ef06ef6f40d654c4e145ddd9aa613a187f110f66fe5,2,3472323,3472323,2479,353,22,1564,4248,requires_full_admission_for_formula
D-bounded,near_dependency,deep_dependency_chain,os_cache_warm,16000,7c78218a41707f7e4e299ef06ef6f40d654c4e145ddd9aa613a187f110f66fe5,2,3472323,3472323,3978,353,23,1620,6315,requires_full_admission_for_formula
D-bounded,near_dependency,deep_dependency_chain,os_cache_warm,16000,7c78218a41707f7e4e299ef06ef6f40d654c4e145ddd9aa613a187f110f66fe5,2,3472323,3472323,2995,353,24,4054,5427,requires_full_admission_for_formula
D-bounded,near_dependency,deep_dependency_chain,os_cache_warm,16000,7c78218a41707f7e4e299ef06ef6f40d654c4e145ddd9aa613a187f110f66fe5,2,3472323,3472323,6669,353,25,2897,16137,requires_full_admission_for_formula
D-bounded,near_dependency,deep_dependency_chain,os_cache_warm,16000,7c78218a41707f7e4e299ef06ef6f40d654c4e145ddd9aa613a187f110f66fe5,2,3472323,3472323,2558,353,26,2941,4344,requires_full_admission_for_formula
D-bounded,near_dependency,deep_dependency_chain,os_cache_warm,16000,7c78218a41707f7e4e299ef06ef6f40d654c4e145ddd9aa613a187f110f66fe5,2,3472323,3472323,2651,353,27,4246,10817,requires_full_admission_for_formula
D-bounded,near_dependency,deep_dependency_chain,os_cache_warm,16000,7c78218a41707f7e4e299ef06ef6f40d654c4e145ddd9aa613a187f110f66fe5,2,3472323,3472323,4402,353,28,3801,7233,requires_full_admission_for_formula
D-bounded,near_dependency,deep_dependency_chain,os_cache_warm,16000,7c78218a41707f7e4e299ef06ef6f40d654c4e145ddd9aa613a187f110f66fe5,2,3472323,3472323,2669,353,29,2046,7144,requires_full_admission_for_formula
D-bounded,random_mid_dependency,deep_dependency_chain,os_cache_warm,16000,7c78218a41707f7e4e299ef06ef6f40d654c4e145ddd9aa613a187f110f66fe5,8001,3472323,3472323,4263,1728137,0,108440,82059,requires_full_admission_for_formula
D-bounded,random_mid_dependency,deep_dependency_chain,os_cache_warm,16000,7c78218a41707f7e4e299ef06ef6f40d654c4e145ddd9aa613a187f110f66fe5,8001,3472323,3472323,4241,1728137,1,86884,94236,requires_full_admission_for_formula
D-bounded,random_mid_dependency,deep_dependency_chain,os_cache_warm,16000,7c78218a41707f7e4e299ef06ef6f40d654c4e145ddd9aa613a187f110f66fe5,8001,3472323,3472323,3815,1728137,2,74077,92848,requires_full_admission_for_formula
D-bounded,random_mid_dependency,deep_dependency_chain,os_cache_warm,16000,7c78218a41707f7e4e299ef06ef6f40d654c4e145ddd9aa613a187f110f66fe5,8001,3472323,3472323,3795,1728137,3,65691,66807,requires_full_admission_for_formula
D-bounded,random_mid_dependency,deep_dependency_chain,os_cache_warm,16000,7c78218a41707f7e4e299ef06ef6f40d654c4e145ddd9aa613a187f110f66fe5,8001,3472323,3472323,4198,1728137,4,59229,58585,requires_full_admission_for_formula
D-bounded,random_mid_dependency,deep_dependency_chain,os_cache_warm,16000,7c78218a41707f7e4e299ef06ef6f40d654c4e145ddd9aa613a187f110f66fe5,8001,3472323,3472323,2931,1728137,5,78191,49862,requires_full_admission_for_formula
D-bounded,random_mid_dependency,deep_dependency_chain,os_cache_warm,16000,7c78218a41707f7e4e299ef06ef6f40d654c4e145ddd9aa613a187f110f66fe5,8001,3472323,3472323,4244,1728137,6,82570,79126,requires_full_admission_for_formula
D-bounded,random_mid_dependency,deep_dependency_chain,os_cache_warm,16000,7c78218a41707f7e4e299ef06ef6f40d654c4e145ddd9aa613a187f110f66fe5,8001,3472323,3472323,5892,1728137,7,83190,80862,requires_full_admission_for_formula
D-bounded,random_mid_dependency,deep_dependency_chain,os_cache_warm,16000,7c78218a41707f7e4e299ef06ef6f40d654c4e145ddd9aa613a187f110f66fe5,8001,3472323,3472323,5128,1728137,8,69339,65139,requires_full_admission_for_formula
D-bounded,random_mid_dependency,deep_dependency_chain,os_cache_warm,16000,7c78218a41707f7e4e299ef06ef6f40d654c4e145ddd9aa613a187f110f66fe5,8001,3472323,3472323,3716,1728137,9,65052,81008,requires_full_admission_for_formula
D-bounded,random_mid_dependency,deep_dependency_chain,os_cache_warm,16000,7c78218a41707f7e4e299ef06ef6f40d654c4e145ddd9aa613a187f110f66fe5,8001,3472323,3472323,3958,1728137,10,84685,71852,requires_full_admission_for_formula
D-bounded,random_mid_dependency,deep_dependency_chain,os_cache_warm,16000,7c78218a41707f7e4e299ef06ef6f40d654c4e145ddd9aa613a187f110f66fe5,8001,3472323,3472323,2628,1728137,11,70603,63246,requires_full_admission_for_formula
D-bounded,random_mid_dependency,deep_dependency_chain,os_cache_warm,16000,7c78218a41707f7e4e299ef06ef6f40d654c4e145ddd9aa613a187f110f66fe5,8001,3472323,3472323,3853,1728137,12,76178,62751,requires_full_admission_for_formula
D-bounded,random_mid_dependency,deep_dependency_chain,os_cache_warm,16000,7c78218a41707f7e4e299ef06ef6f40d654c4e145ddd9aa613a187f110f66fe5,8001,3472323,3472323,4075,1728137,13,74001,72955,requires_full_admission_for_formula
D-bounded,random_mid_dependency,deep_dependency_chain,os_cache_warm,16000,7c78218a41707f7e4e299ef06ef6f40d654c4e145ddd9aa613a187f110f66fe5,8001,3472323,3472323,3834,1728137,14,66276,66742,requires_full_admission_for_formula
D-bounded,random_mid_dependency,deep_dependency_chain,os_cache_warm,16000,7c78218a41707f7e4e299ef06ef6f40d654c4e145ddd9aa613a187f110f66fe5,8001,3472323,3472323,5503,1728137,15,69202,101573,requires_full_admission_for_formula
D-bounded,random_mid_dependency,deep_dependency_chain,os_cache_warm,16000,7c78218a41707f7e4e299ef06ef6f40d654c4e145ddd9aa613a187f110f66fe5,8001,3472323,3472323,4520,1728137,16,69570,70334,requires_full_admission_for_formula
D-bounded,random_mid_dependency,deep_dependency_chain,os_cache_warm,16000,7c78218a41707f7e4e299ef06ef6f40d654c4e145ddd9aa613a187f110f66fe5,8001,3472323,3472323,4257,1728137,17,75511,77878,requires_full_admission_for_formula
D-bounded,random_mid_dependency,deep_dependency_chain,os_cache_warm,16000,7c78218a41707f7e4e299ef06ef6f40d654c4e145ddd9aa613a187f110f66fe5,8001,3472323,3472323,3297,1728137,18,131291,76215,requires_full_admission_for_formula
D-bounded,random_mid_dependency,deep_dependency_chain,os_cache_warm,16000,7c78218a41707f7e4e299ef06ef6f40d654c4e145ddd9aa613a187f110f66fe5,8001,3472323,3472323,6182,1728137,19,72743,92682,requires_full_admission_for_formula
D-bounded,random_mid_dependency,deep_dependency_chain,os_cache_warm,16000,7c78218a41707f7e4e299ef06ef6f40d654c4e145ddd9aa613a187f110f66fe5,8001,3472323,3472323,3582,1728137,20,83510,65000,requires_full_admission_for_formula
D-bounded,random_mid_dependency,deep_dependency_chain,os_cache_warm,16000,7c78218a41707f7e4e299ef06ef6f40d654c4e145ddd9aa613a187f110f66fe5,8001,3472323,3472323,3621,1728137,21,70407,70096,requires_full_admission_for_formula
D-bounded,random_mid_dependency,deep_dependency_chain,os_cache_warm,16000,7c78218a41707f7e4e299ef06ef6f40d654c4e145ddd9aa613a187f110f66fe5,8001,3472323,3472323,7110,1728137,22,94573,86972,requires_full_admission_for_formula
D-bounded,random_mid_dependency,deep_dependency_chain,os_cache_warm,16000,7c78218a41707f7e4e299ef06ef6f40d654c4e145ddd9aa613a187f110f66fe5,8001,3472323,3472323,2741,1728137,23,65279,66207,requires_full_admission_for_formula
D-bounded,random_mid_dependency,deep_dependency_chain,os_cache_warm,16000,7c78218a41707f7e4e299ef06ef6f40d654c4e145ddd9aa613a187f110f66fe5,8001,3472323,3472323,3099,1728137,24,58378,69025,requires_full_admission_for_formula
D-bounded,random_mid_dependency,deep_dependency_chain,os_cache_warm,16000,7c78218a41707f7e4e299ef06ef6f40d654c4e145ddd9aa613a187f110f66fe5,8001,3472323,3472323,3621,1728137,25,70108,88086,requires_full_admission_for_formula
D-bounded,random_mid_dependency,deep_dependency_chain,os_cache_warm,16000,7c78218a41707f7e4e299ef06ef6f40d654c4e145ddd9aa613a187f110f66fe5,8001,3472323,3472323,3906,1728137,26,60055,75154,requires_full_admission_for_formula
D-bounded,random_mid_dependency,deep_dependency_chain,os_cache_warm,16000,7c78218a41707f7e4e299ef06ef6f40d654c4e145ddd9aa613a187f110f66fe5,8001,3472323,3472323,2642,1728137,27,69888,68914,requires_full_admission_for_formula
D-bounded,random_mid_dependency,deep_dependency_chain,os_cache_warm,16000,7c78218a41707f7e4e299ef06ef6f40d654c4e145ddd9aa613a187f110f66fe5,8001,3472323,3472323,3975,1728137,28,51401,65008,requires_full_admission_for_formula
D-bounded,random_mid_dependency,deep_dependency_chain,os_cache_warm,16000,7c78218a41707f7e4e299ef06ef6f40d654c4e145ddd9aa613a187f110f66fe5,8001,3472323,3472323,3550,1728137,29,61337,58875,requires_full_admission_for_formula
D-bounded,far_dependency,deep_dependency_chain,os_cache_warm,16000,7c78218a41707f7e4e299ef06ef6f40d654c4e145ddd9aa613a187f110f66fe5,16000,3472323,3472323,2770,3455921,0,121187,137215,requires_full_admission_for_formula
D-bounded,far_dependency,deep_dependency_chain,os_cache_warm,16000,7c78218a41707f7e4e299ef06ef6f40d654c4e145ddd9aa613a187f110f66fe5,16000,3472323,3472323,5518,3455921,1,96947,121608,requires_full_admission_for_formula
D-bounded,far_dependency,deep_dependency_chain,os_cache_warm,16000,7c78218a41707f7e4e299ef06ef6f40d654c4e145ddd9aa613a187f110f66fe5,16000,3472323,3472323,2905,3455921,2,133121,117405,requires_full_admission_for_formula
D-bounded,far_dependency,deep_dependency_chain,os_cache_warm,16000,7c78218a41707f7e4e299ef06ef6f40d654c4e145ddd9aa613a187f110f66fe5,16000,3472323,3472323,2874,3455921,3,135404,139472,requires_full_admission_for_formula
D-bounded,far_dependency,deep_dependency_chain,os_cache_warm,16000,7c78218a41707f7e4e299ef06ef6f40d654c4e145ddd9aa613a187f110f66fe5,16000,3472323,3472323,5639,3455921,4,109432,134495,requires_full_admission_for_formula
D-bounded,far_dependency,deep_dependency_chain,os_cache_warm,16000,7c78218a41707f7e4e299ef06ef6f40d654c4e145ddd9aa613a187f110f66fe5,16000,3472323,3472323,2969,3455921,5,109778,106487,requires_full_admission_for_formula
D-bounded,far_dependency,deep_dependency_chain,os_cache_warm,16000,7c78218a41707f7e4e299ef06ef6f40d654c4e145ddd9aa613a187f110f66fe5,16000,3472323,3472323,3112,3455921,6,99414,96913,requires_full_admission_for_formula
D-bounded,far_dependency,deep_dependency_chain,os_cache_warm,16000,7c78218a41707f7e4e299ef06ef6f40d654c4e145ddd9aa613a187f110f66fe5,16000,3472323,3472323,2695,3455921,7,122003,138690,requires_full_admission_for_formula
D-bounded,far_dependency,deep_dependency_chain,os_cache_warm,16000,7c78218a41707f7e4e299ef06ef6f40d654c4e145ddd9aa613a187f110f66fe5,16000,3472323,3472323,3050,3455921,8,124430,122094,requires_full_admission_for_formula
D-bounded,far_dependency,deep_dependency_chain,os_cache_warm,16000,7c78218a41707f7e4e299ef06ef6f40d654c4e145ddd9aa613a187f110f66fe5,16000,3472323,3472323,4910,3455921,9,227105,291743,requires_full_admission_for_formula
D-bounded,far_dependency,deep_dependency_chain,os_cache_warm,16000,7c78218a41707f7e4e299ef06ef6f40d654c4e145ddd9aa613a187f110f66fe5,16000,3472323,3472323,2704,3455921,10,137786,143875,requires_full_admission_for_formula
D-bounded,far_dependency,deep_dependency_chain,os_cache_warm,16000,7c78218a41707f7e4e299ef06ef6f40d654c4e145ddd9aa613a187f110f66fe5,16000,3472323,3472323,6829,3455921,11,143609,152217,requires_full_admission_for_formula
D-bounded,far_dependency,deep_dependency_chain,os_cache_warm,16000,7c78218a41707f7e4e299ef06ef6f40d654c4e145ddd9aa613a187f110f66fe5,16000,3472323,3472323,4592,3455921,12,118154,112866,requires_full_admission_for_formula
D-bounded,far_dependency,deep_dependency_chain,os_cache_warm,16000,7c78218a41707f7e4e299ef06ef6f40d654c4e145ddd9aa613a187f110f66fe5,16000,3472323,3472323,4279,3455921,13,121794,104615,requires_full_admission_for_formula
D-bounded,far_dependency,deep_dependency_chain,os_cache_warm,16000,7c78218a41707f7e4e299ef06ef6f40d654c4e145ddd9aa613a187f110f66fe5,16000,3472323,3472323,3149,3455921,14,108333,96422,requires_full_admission_for_formula
D-bounded,far_dependency,deep_dependency_chain,os_cache_warm,16000,7c78218a41707f7e4e299ef06ef6f40d654c4e145ddd9aa613a187f110f66fe5,16000,3472323,3472323,4359,3455921,15,90518,98131,requires_full_admission_for_formula
D-bounded,far_dependency,deep_dependency_chain,os_cache_warm,16000,7c78218a41707f7e4e299ef06ef6f40d654c4e145ddd9aa613a187f110f66fe5,16000,3472323,3472323,3047,3455921,16,87362,89894,requires_full_admission_for_formula
D-bounded,far_dependency,deep_dependency_chain,os_cache_warm,16000,7c78218a41707f7e4e299ef06ef6f40d654c4e145ddd9aa613a187f110f66fe5,16000,3472323,3472323,2708,3455921,17,109159,92779,requires_full_admission_for_formula
D-bounded,far_dependency,deep_dependency_chain,os_cache_warm,16000,7c78218a41707f7e4e299ef06ef6f40d654c4e145ddd9aa613a187f110f66fe5,16000,3472323,3472323,2715,3455921,18,91099,107107,requires_full_admission_for_formula
D-bounded,far_dependency,deep_dependency_chain,os_cache_warm,16000,7c78218a41707f7e4e299ef06ef6f40d654c4e145ddd9aa613a187f110f66fe5,16000,3472323,3472323,2514,3455921,19,93851,93776,requires_full_admission_for_formula
D-bounded,far_dependency,deep_dependency_chain,os_cache_warm,16000,7c78218a41707f7e4e299ef06ef6f40d654c4e145ddd9aa613a187f110f66fe5,16000,3472323,3472323,3382,3455921,20,142285,154477,requires_full_admission_for_formula
D-bounded,far_dependency,deep_dependency_chain,os_cache_warm,16000,7c78218a41707f7e4e299ef06ef6f40d654c4e145ddd9aa613a187f110f66fe5,16000,3472323,3472323,3521,3455921,21,199065,136793,requires_full_admission_for_formula
D-bounded,far_dependency,deep_dependency_chain,os_cache_warm,16000,7c78218a41707f7e4e299ef06ef6f40d654c4e145ddd9aa613a187f110f66fe5,16000,3472323,3472323,5338,3455921,22,124573,292298,requires_full_admission_for_formula
D-bounded,far_dependency,deep_dependency_chain,os_cache_warm,16000,7c78218a41707f7e4e299ef06ef6f40d654c4e145ddd9aa613a187f110f66fe5,16000,3472323,3472323,2827,3455921,23,167842,132624,requires_full_admission_for_formula
D-bounded,far_dependency,deep_dependency_chain,os_cache_warm,16000,7c78218a41707f7e4e299ef06ef6f40d654c4e145ddd9aa613a187f110f66fe5,16000,3472323,3472323,3720,3455921,24,117944,162938,requires_full_admission_for_formula
D-bounded,far_dependency,deep_dependency_chain,os_cache_warm,16000,7c78218a41707f7e4e299ef06ef6f40d654c4e145ddd9aa613a187f110f66fe5,16000,3472323,3472323,4093,3455921,25,117796,122216,requires_full_admission_for_formula
D-bounded,far_dependency,deep_dependency_chain,os_cache_warm,16000,7c78218a41707f7e4e299ef06ef6f40d654c4e145ddd9aa613a187f110f66fe5,16000,3472323,3472323,3670,3455921,26,278059,95076,requires_full_admission_for_formula
D-bounded,far_dependency,deep_dependency_chain,os_cache_warm,16000,7c78218a41707f7e4e299ef06ef6f40d654c4e145ddd9aa613a187f110f66fe5,16000,3472323,3472323,4312,3455921,27,343459,173063,requires_full_admission_for_formula
D-bounded,far_dependency,deep_dependency_chain,os_cache_warm,16000,7c78218a41707f7e4e299ef06ef6f40d654c4e145ddd9aa613a187f110f66fe5,16000,3472323,3472323,5961,3455921,28,113975,133226,requires_full_admission_for_formula
D-bounded,far_dependency,deep_dependency_chain,os_cache_warm,16000,7c78218a41707f7e4e299ef06ef6f40d654c4e145ddd9aa613a187f110f66fe5,16000,3472323,3472323,3417,3455921,29,95637,103185,requires_full_admission_for_formula
D-bounded,cold_reverse_dependents,deep_dependency_chain,os_cache_warm,16000,7c78218a41707f7e4e299ef06ef6f40d654c4e145ddd9aa613a187f110f66fe5,15999,3472323,3472323,2728,3455784,0,97748,99137,requires_full_admission
D-bounded,cold_reverse_dependents,deep_dependency_chain,os_cache_warm,16000,7c78218a41707f7e4e299ef06ef6f40d654c4e145ddd9aa613a187f110f66fe5,15999,3472323,3472323,4096,3455784,1,150367,147731,requires_full_admission
D-bounded,cold_reverse_dependents,deep_dependency_chain,os_cache_warm,16000,7c78218a41707f7e4e299ef06ef6f40d654c4e145ddd9aa613a187f110f66fe5,15999,3472323,3472323,3320,3455784,2,128277,189399,requires_full_admission
D-bounded,cold_reverse_dependents,deep_dependency_chain,os_cache_warm,16000,7c78218a41707f7e4e299ef06ef6f40d654c4e145ddd9aa613a187f110f66fe5,15999,3472323,3472323,3762,3455784,3,130414,148370,requires_full_admission
D-bounded,cold_reverse_dependents,deep_dependency_chain,os_cache_warm,16000,7c78218a41707f7e4e299ef06ef6f40d654c4e145ddd9aa613a187f110f66fe5,15999,3472323,3472323,4198,3455784,4,137654,129785,requires_full_admission
D-bounded,cold_reverse_dependents,deep_dependency_chain,os_cache_warm,16000,7c78218a41707f7e4e299ef06ef6f40d654c4e145ddd9aa613a187f110f66fe5,15999,3472323,3472323,14476,3455784,5,621797,150935,requires_full_admission
D-bounded,cold_reverse_dependents,deep_dependency_chain,os_cache_warm,16000,7c78218a41707f7e4e299ef06ef6f40d654c4e145ddd9aa613a187f110f66fe5,15999,3472323,3472323,9122,3455784,6,180378,169789,requires_full_admission
D-bounded,cold_reverse_dependents,deep_dependency_chain,os_cache_warm,16000,7c78218a41707f7e4e299ef06ef6f40d654c4e145ddd9aa613a187f110f66fe5,15999,3472323,3472323,2891,3455784,7,125157,138082,requires_full_admission
D-bounded,cold_reverse_dependents,deep_dependency_chain,os_cache_warm,16000,7c78218a41707f7e4e299ef06ef6f40d654c4e145ddd9aa613a187f110f66fe5,15999,3472323,3472323,5129,3455784,8,127218,145415,requires_full_admission
D-bounded,cold_reverse_dependents,deep_dependency_chain,os_cache_warm,16000,7c78218a41707f7e4e299ef06ef6f40d654c4e145ddd9aa613a187f110f66fe5,15999,3472323,3472323,3174,3455784,9,100035,90054,requires_full_admission
D-bounded,cold_reverse_dependents,deep_dependency_chain,os_cache_warm,16000,7c78218a41707f7e4e299ef06ef6f40d654c4e145ddd9aa613a187f110f66fe5,15999,3472323,3472323,2789,3455784,10,506588,338892,requires_full_admission
D-bounded,cold_reverse_dependents,deep_dependency_chain,os_cache_warm,16000,7c78218a41707f7e4e299ef06ef6f40d654c4e145ddd9aa613a187f110f66fe5,15999,3472323,3472323,15695,3455784,11,221110,301265,requires_full_admission
D-bounded,cold_reverse_dependents,deep_dependency_chain,os_cache_warm,16000,7c78218a41707f7e4e299ef06ef6f40d654c4e145ddd9aa613a187f110f66fe5,15999,3472323,3472323,3702,3455784,12,155475,147615,requires_full_admission
D-bounded,cold_reverse_dependents,deep_dependency_chain,os_cache_warm,16000,7c78218a41707f7e4e299ef06ef6f40d654c4e145ddd9aa613a187f110f66fe5,15999,3472323,3472323,5612,3455784,13,290016,481690,requires_full_admission
D-bounded,cold_reverse_dependents,deep_dependency_chain,os_cache_warm,16000,7c78218a41707f7e4e299ef06ef6f40d654c4e145ddd9aa613a187f110f66fe5,15999,3472323,3472323,10699,3455784,14,231609,327253,requires_full_admission
D-bounded,cold_reverse_dependents,deep_dependency_chain,os_cache_warm,16000,7c78218a41707f7e4e299ef06ef6f40d654c4e145ddd9aa613a187f110f66fe5,15999,3472323,3472323,4111,3455784,15,212161,296359,requires_full_admission
D-bounded,cold_reverse_dependents,deep_dependency_chain,os_cache_warm,16000,7c78218a41707f7e4e299ef06ef6f40d654c4e145ddd9aa613a187f110f66fe5,15999,3472323,3472323,4069,3455784,16,229896,336127,requires_full_admission
D-bounded,cold_reverse_dependents,deep_dependency_chain,os_cache_warm,16000,7c78218a41707f7e4e299ef06ef6f40d654c4e145ddd9aa613a187f110f66fe5,15999,3472323,3472323,5762,3455784,17,265991,392488,requires_full_admission
D-bounded,cold_reverse_dependents,deep_dependency_chain,os_cache_warm,16000,7c78218a41707f7e4e299ef06ef6f40d654c4e145ddd9aa613a187f110f66fe5,15999,3472323,3472323,32973,3455784,18,128382,315857,requires_full_admission
D-bounded,cold_reverse_dependents,deep_dependency_chain,os_cache_warm,16000,7c78218a41707f7e4e299ef06ef6f40d654c4e145ddd9aa613a187f110f66fe5,15999,3472323,3472323,3082,3455784,19,158570,109814,requires_full_admission
D-bounded,cold_reverse_dependents,deep_dependency_chain,os_cache_warm,16000,7c78218a41707f7e4e299ef06ef6f40d654c4e145ddd9aa613a187f110f66fe5,15999,3472323,3472323,2736,3455784,20,137632,122367,requires_full_admission
D-bounded,cold_reverse_dependents,deep_dependency_chain,os_cache_warm,16000,7c78218a41707f7e4e299ef06ef6f40d654c4e145ddd9aa613a187f110f66fe5,15999,3472323,3472323,2925,3455784,21,196748,156579,requires_full_admission
D-bounded,cold_reverse_dependents,deep_dependency_chain,os_cache_warm,16000,7c78218a41707f7e4e299ef06ef6f40d654c4e145ddd9aa613a187f110f66fe5,15999,3472323,3472323,4641,3455784,22,125214,145037,requires_full_admission
D-bounded,cold_reverse_dependents,deep_dependency_chain,os_cache_warm,16000,7c78218a41707f7e4e299ef06ef6f40d654c4e145ddd9aa613a187f110f66fe5,15999,3472323,3472323,3004,3455784,23,94947,120466,requires_full_admission
D-bounded,cold_reverse_dependents,deep_dependency_chain,os_cache_warm,16000,7c78218a41707f7e4e299ef06ef6f40d654c4e145ddd9aa613a187f110f66fe5,15999,3472323,3472323,2700,3455784,24,89900,89089,requires_full_admission
D-bounded,cold_reverse_dependents,deep_dependency_chain,os_cache_warm,16000,7c78218a41707f7e4e299ef06ef6f40d654c4e145ddd9aa613a187f110f66fe5,15999,3472323,3472323,2541,3455784,25,89427,88214,requires_full_admission
D-bounded,cold_reverse_dependents,deep_dependency_chain,os_cache_warm,16000,7c78218a41707f7e4e299ef06ef6f40d654c4e145ddd9aa613a187f110f66fe5,15999,3472323,3472323,2787,3455784,26,150900,117985,requires_full_admission
D-bounded,cold_reverse_dependents,deep_dependency_chain,os_cache_warm,16000,7c78218a41707f7e4e299ef06ef6f40d654c4e145ddd9aa613a187f110f66fe5,15999,3472323,3472323,4256,3455784,27,179092,116733,requires_full_admission
D-bounded,cold_reverse_dependents,deep_dependency_chain,os_cache_warm,16000,7c78218a41707f7e4e299ef06ef6f40d654c4e145ddd9aa613a187f110f66fe5,15999,3472323,3472323,2744,3455784,28,135386,147963,requires_full_admission
D-bounded,cold_reverse_dependents,deep_dependency_chain,os_cache_warm,16000,7c78218a41707f7e4e299ef06ef6f40d654c4e145ddd9aa613a187f110f66fe5,15999,3472323,3472323,4405,3455784,29,168514,135503,requires_full_admission
