arm,workload,cache_state,entities,fields,source_sha256,source_bytes,physical_read_bytes,nesting_scan_bytes,json_parser_deserializer_bytes,canonical_render_bytes,entity_records,formula_ast_nodes,reference_edges,formula_dependency_edges,repetition,order,source_known_us,first_source_preview_us,semantic_current_us
A0,mixed_smoke_host,os_cache_warm,1000,5000,abe17b795344c2f0920f176dd301ae024693fe326f55b6b32bafb7e50cff44e6,601429,601429,1200858,3602574,601429,1000,3000,1000,1000,0,A0-first,,,26956
A1,mixed_smoke_host,os_cache_warm,1000,5000,abe17b795344c2f0920f176dd301ae024693fe326f55b6b32bafb7e50cff44e6,601429,601429,600429,1801287,601429,1000,3000,1000,1000,0,A0-first,46,151,13636
A1,mixed_smoke_host,os_cache_warm,1000,5000,abe17b795344c2f0920f176dd301ae024693fe326f55b6b32bafb7e50cff44e6,601429,601429,600429,1801287,601429,1000,3000,1000,1000,1,A1-first,43,144,13936
A0,mixed_smoke_host,os_cache_warm,1000,5000,abe17b795344c2f0920f176dd301ae024693fe326f55b6b32bafb7e50cff44e6,601429,601429,1200858,3602574,601429,1000,3000,1000,1000,1,A1-first,,,27542
A0,mixed_smoke_host,os_cache_warm,1000,5000,abe17b795344c2f0920f176dd301ae024693fe326f55b6b32bafb7e50cff44e6,601429,601429,1200858,3602574,601429,1000,3000,1000,1000,2,A0-first,,,27122
A1,mixed_smoke_host,os_cache_warm,1000,5000,abe17b795344c2f0920f176dd301ae024693fe326f55b6b32bafb7e50cff44e6,601429,601429,600429,1801287,601429,1000,3000,1000,1000,2,A0-first,136,310,14374
A1,mixed_smoke_host,os_cache_warm,1000,5000,abe17b795344c2f0920f176dd301ae024693fe326f55b6b32bafb7e50cff44e6,601429,601429,600429,1801287,601429,1000,3000,1000,1000,3,A1-first,51,156,13563
A0,mixed_smoke_host,os_cache_warm,1000,5000,abe17b795344c2f0920f176dd301ae024693fe326f55b6b32bafb7e50cff44e6,601429,601429,1200858,3602574,601429,1000,3000,1000,1000,3,A1-first,,,27271
A0,mixed_smoke_host,os_cache_warm,1000,5000,abe17b795344c2f0920f176dd301ae024693fe326f55b6b32bafb7e50cff44e6,601429,601429,1200858,3602574,601429,1000,3000,1000,1000,4,A0-first,,,26970
A1,mixed_smoke_host,os_cache_warm,1000,5000,abe17b795344c2f0920f176dd301ae024693fe326f55b6b32bafb7e50cff44e6,601429,601429,600429,1801287,601429,1000,3000,1000,1000,4,A0-first,44,146,14012
A1,mixed_smoke_host,os_cache_warm,1000,5000,abe17b795344c2f0920f176dd301ae024693fe326f55b6b32bafb7e50cff44e6,601429,601429,600429,1801287,601429,1000,3000,1000,1000,5,A1-first,38,137,13888
A0,mixed_smoke_host,os_cache_warm,1000,5000,abe17b795344c2f0920f176dd301ae024693fe326f55b6b32bafb7e50cff44e6,601429,601429,1200858,3602574,601429,1000,3000,1000,1000,5,A1-first,,,26543
A0,mixed_smoke_host,os_cache_warm,1000,5000,abe17b795344c2f0920f176dd301ae024693fe326f55b6b32bafb7e50cff44e6,601429,601429,1200858,3602574,601429,1000,3000,1000,1000,6,A0-first,,,27167
A1,mixed_smoke_host,os_cache_warm,1000,5000,abe17b795344c2f0920f176dd301ae024693fe326f55b6b32bafb7e50cff44e6,601429,601429,600429,1801287,601429,1000,3000,1000,1000,6,A0-first,71,198,14031
A1,mixed_smoke_host,os_cache_warm,1000,5000,abe17b795344c2f0920f176dd301ae024693fe326f55b6b32bafb7e50cff44e6,601429,601429,600429,1801287,601429,1000,3000,1000,1000,7,A1-first,41,147,14271
A0,mixed_smoke_host,os_cache_warm,1000,5000,abe17b795344c2f0920f176dd301ae024693fe326f55b6b32bafb7e50cff44e6,601429,601429,1200858,3602574,601429,1000,3000,1000,1000,7,A1-first,,,26309
A0,mixed_smoke_host,os_cache_warm,1000,5000,abe17b795344c2f0920f176dd301ae024693fe326f55b6b32bafb7e50cff44e6,601429,601429,1200858,3602574,601429,1000,3000,1000,1000,8,A0-first,,,26818
A1,mixed_smoke_host,os_cache_warm,1000,5000,abe17b795344c2f0920f176dd301ae024693fe326f55b6b32bafb7e50cff44e6,601429,601429,600429,1801287,601429,1000,3000,1000,1000,8,A0-first,53,164,14463
A1,mixed_smoke_host,os_cache_warm,1000,5000,abe17b795344c2f0920f176dd301ae024693fe326f55b6b32bafb7e50cff44e6,601429,601429,600429,1801287,601429,1000,3000,1000,1000,9,A1-first,98,262,14806
A0,mixed_smoke_host,os_cache_warm,1000,5000,abe17b795344c2f0920f176dd301ae024693fe326f55b6b32bafb7e50cff44e6,601429,601429,1200858,3602574,601429,1000,3000,1000,1000,9,A1-first,,,26816
A0,mixed_smoke_host,os_cache_warm,1000,5000,abe17b795344c2f0920f176dd301ae024693fe326f55b6b32bafb7e50cff44e6,601429,601429,1200858,3602574,601429,1000,3000,1000,1000,10,A0-first,,,26731
A1,mixed_smoke_host,os_cache_warm,1000,5000,abe17b795344c2f0920f176dd301ae024693fe326f55b6b32bafb7e50cff44e6,601429,601429,600429,1801287,601429,1000,3000,1000,1000,10,A0-first,60,175,13313
A1,mixed_smoke_host,os_cache_warm,1000,5000,abe17b795344c2f0920f176dd301ae024693fe326f55b6b32bafb7e50cff44e6,601429,601429,600429,1801287,601429,1000,3000,1000,1000,11,A1-first,40,141,14502
A0,mixed_smoke_host,os_cache_warm,1000,5000,abe17b795344c2f0920f176dd301ae024693fe326f55b6b32bafb7e50cff44e6,601429,601429,1200858,3602574,601429,1000,3000,1000,1000,11,A1-first,,,26610
A0,mixed_smoke_host,os_cache_warm,1000,5000,abe17b795344c2f0920f176dd301ae024693fe326f55b6b32bafb7e50cff44e6,601429,601429,1200858,3602574,601429,1000,3000,1000,1000,12,A0-first,,,26873
A1,mixed_smoke_host,os_cache_warm,1000,5000,abe17b795344c2f0920f176dd301ae024693fe326f55b6b32bafb7e50cff44e6,601429,601429,600429,1801287,601429,1000,3000,1000,1000,12,A0-first,39,140,14021
A1,mixed_smoke_host,os_cache_warm,1000,5000,abe17b795344c2f0920f176dd301ae024693fe326f55b6b32bafb7e50cff44e6,601429,601429,600429,1801287,601429,1000,3000,1000,1000,13,A1-first,40,140,13596
A0,mixed_smoke_host,os_cache_warm,1000,5000,abe17b795344c2f0920f176dd301ae024693fe326f55b6b32bafb7e50cff44e6,601429,601429,1200858,3602574,601429,1000,3000,1000,1000,13,A1-first,,,27121
A0,mixed_smoke_host,os_cache_warm,1000,5000,abe17b795344c2f0920f176dd301ae024693fe326f55b6b32bafb7e50cff44e6,601429,601429,1200858,3602574,601429,1000,3000,1000,1000,14,A0-first,,,27018
A1,mixed_smoke_host,os_cache_warm,1000,5000,abe17b795344c2f0920f176dd301ae024693fe326f55b6b32bafb7e50cff44e6,601429,601429,600429,1801287,601429,1000,3000,1000,1000,14,A0-first,69,192,15473
A1,mixed_smoke_host,os_cache_warm,1000,5000,abe17b795344c2f0920f176dd301ae024693fe326f55b6b32bafb7e50cff44e6,601429,601429,600429,1801287,601429,1000,3000,1000,1000,15,A1-first,77,304,14969
A0,mixed_smoke_host,os_cache_warm,1000,5000,abe17b795344c2f0920f176dd301ae024693fe326f55b6b32bafb7e50cff44e6,601429,601429,1200858,3602574,601429,1000,3000,1000,1000,15,A1-first,,,27126
A0,mixed_smoke_host,os_cache_warm,1000,5000,abe17b795344c2f0920f176dd301ae024693fe326f55b6b32bafb7e50cff44e6,601429,601429,1200858,3602574,601429,1000,3000,1000,1000,16,A0-first,,,26973
A1,mixed_smoke_host,os_cache_warm,1000,5000,abe17b795344c2f0920f176dd301ae024693fe326f55b6b32bafb7e50cff44e6,601429,601429,600429,1801287,601429,1000,3000,1000,1000,16,A0-first,66,184,14675
A1,mixed_smoke_host,os_cache_warm,1000,5000,abe17b795344c2f0920f176dd301ae024693fe326f55b6b32bafb7e50cff44e6,601429,601429,600429,1801287,601429,1000,3000,1000,1000,17,A1-first,46,155,14381
A0,mixed_smoke_host,os_cache_warm,1000,5000,abe17b795344c2f0920f176dd301ae024693fe326f55b6b32bafb7e50cff44e6,601429,601429,1200858,3602574,601429,1000,3000,1000,1000,17,A1-first,,,27172
A0,mixed_smoke_host,os_cache_warm,1000,5000,abe17b795344c2f0920f176dd301ae024693fe326f55b6b32bafb7e50cff44e6,601429,601429,1200858,3602574,601429,1000,3000,1000,1000,18,A0-first,,,26961
A1,mixed_smoke_host,os_cache_warm,1000,5000,abe17b795344c2f0920f176dd301ae024693fe326f55b6b32bafb7e50cff44e6,601429,601429,600429,1801287,601429,1000,3000,1000,1000,18,A0-first,80,203,13735
A1,mixed_smoke_host,os_cache_warm,1000,5000,abe17b795344c2f0920f176dd301ae024693fe326f55b6b32bafb7e50cff44e6,601429,601429,600429,1801287,601429,1000,3000,1000,1000,19,A1-first,51,154,14664
A0,mixed_smoke_host,os_cache_warm,1000,5000,abe17b795344c2f0920f176dd301ae024693fe326f55b6b32bafb7e50cff44e6,601429,601429,1200858,3602574,601429,1000,3000,1000,1000,19,A1-first,,,29339
A0,mixed_smoke_host,os_cache_warm,1000,5000,abe17b795344c2f0920f176dd301ae024693fe326f55b6b32bafb7e50cff44e6,601429,601429,1200858,3602574,601429,1000,3000,1000,1000,20,A0-first,,,30811
A1,mixed_smoke_host,os_cache_warm,1000,5000,abe17b795344c2f0920f176dd301ae024693fe326f55b6b32bafb7e50cff44e6,601429,601429,600429,1801287,601429,1000,3000,1000,1000,20,A0-first,147,350,15823
A1,mixed_smoke_host,os_cache_warm,1000,5000,abe17b795344c2f0920f176dd301ae024693fe326f55b6b32bafb7e50cff44e6,601429,601429,600429,1801287,601429,1000,3000,1000,1000,21,A1-first,61,177,13678
A0,mixed_smoke_host,os_cache_warm,1000,5000,abe17b795344c2f0920f176dd301ae024693fe326f55b6b32bafb7e50cff44e6,601429,601429,1200858,3602574,601429,1000,3000,1000,1000,21,A1-first,,,27550
A0,mixed_smoke_host,os_cache_warm,1000,5000,abe17b795344c2f0920f176dd301ae024693fe326f55b6b32bafb7e50cff44e6,601429,601429,1200858,3602574,601429,1000,3000,1000,1000,22,A0-first,,,26501
A1,mixed_smoke_host,os_cache_warm,1000,5000,abe17b795344c2f0920f176dd301ae024693fe326f55b6b32bafb7e50cff44e6,601429,601429,600429,1801287,601429,1000,3000,1000,1000,22,A0-first,43,144,14130
A1,mixed_smoke_host,os_cache_warm,1000,5000,abe17b795344c2f0920f176dd301ae024693fe326f55b6b32bafb7e50cff44e6,601429,601429,600429,1801287,601429,1000,3000,1000,1000,23,A1-first,42,143,13734
A0,mixed_smoke_host,os_cache_warm,1000,5000,abe17b795344c2f0920f176dd301ae024693fe326f55b6b32bafb7e50cff44e6,601429,601429,1200858,3602574,601429,1000,3000,1000,1000,23,A1-first,,,27190
A0,mixed_smoke_host,os_cache_warm,1000,5000,abe17b795344c2f0920f176dd301ae024693fe326f55b6b32bafb7e50cff44e6,601429,601429,1200858,3602574,601429,1000,3000,1000,1000,24,A0-first,,,26438
A1,mixed_smoke_host,os_cache_warm,1000,5000,abe17b795344c2f0920f176dd301ae024693fe326f55b6b32bafb7e50cff44e6,601429,601429,600429,1801287,601429,1000,3000,1000,1000,24,A0-first,54,165,14356
A1,mixed_smoke_host,os_cache_warm,1000,5000,abe17b795344c2f0920f176dd301ae024693fe326f55b6b32bafb7e50cff44e6,601429,601429,600429,1801287,601429,1000,3000,1000,1000,25,A1-first,107,262,13872
A0,mixed_smoke_host,os_cache_warm,1000,5000,abe17b795344c2f0920f176dd301ae024693fe326f55b6b32bafb7e50cff44e6,601429,601429,1200858,3602574,601429,1000,3000,1000,1000,25,A1-first,,,27041
A0,mixed_smoke_host,os_cache_warm,1000,5000,abe17b795344c2f0920f176dd301ae024693fe326f55b6b32bafb7e50cff44e6,601429,601429,1200858,3602574,601429,1000,3000,1000,1000,26,A0-first,,,27238
A1,mixed_smoke_host,os_cache_warm,1000,5000,abe17b795344c2f0920f176dd301ae024693fe326f55b6b32bafb7e50cff44e6,601429,601429,600429,1801287,601429,1000,3000,1000,1000,26,A0-first,154,318,14173
A1,mixed_smoke_host,os_cache_warm,1000,5000,abe17b795344c2f0920f176dd301ae024693fe326f55b6b32bafb7e50cff44e6,601429,601429,600429,1801287,601429,1000,3000,1000,1000,27,A1-first,48,154,14862
A0,mixed_smoke_host,os_cache_warm,1000,5000,abe17b795344c2f0920f176dd301ae024693fe326f55b6b32bafb7e50cff44e6,601429,601429,1200858,3602574,601429,1000,3000,1000,1000,27,A1-first,,,27202
A0,mixed_smoke_host,os_cache_warm,1000,5000,abe17b795344c2f0920f176dd301ae024693fe326f55b6b32bafb7e50cff44e6,601429,601429,1200858,3602574,601429,1000,3000,1000,1000,28,A0-first,,,27357
A1,mixed_smoke_host,os_cache_warm,1000,5000,abe17b795344c2f0920f176dd301ae024693fe326f55b6b32bafb7e50cff44e6,601429,601429,600429,1801287,601429,1000,3000,1000,1000,28,A0-first,98,227,14308
A1,mixed_smoke_host,os_cache_warm,1000,5000,abe17b795344c2f0920f176dd301ae024693fe326f55b6b32bafb7e50cff44e6,601429,601429,600429,1801287,601429,1000,3000,1000,1000,29,A1-first,63,185,13694
A0,mixed_smoke_host,os_cache_warm,1000,5000,abe17b795344c2f0920f176dd301ae024693fe326f55b6b32bafb7e50cff44e6,601429,601429,1200858,3602574,601429,1000,3000,1000,1000,29,A1-first,,,26398
A0,mixed_smoke_host,os_cache_warm,4000,20000,dff8bf7553d8f0c56301d871dd4e1c0660649cfd43ad99a16a60749fe3110fb5,2405929,2405929,4803858,14411574,2405929,4000,12000,4000,4000,0,A0-first,,,111447
A1,mixed_smoke_host,os_cache_warm,4000,20000,dff8bf7553d8f0c56301d871dd4e1c0660649cfd43ad99a16a60749fe3110fb5,2405929,2405929,2401929,7205787,2405929,4000,12000,4000,4000,0,A0-first,98,247,56400
A1,mixed_smoke_host,os_cache_warm,4000,20000,dff8bf7553d8f0c56301d871dd4e1c0660649cfd43ad99a16a60749fe3110fb5,2405929,2405929,2401929,7205787,2405929,4000,12000,4000,4000,1,A1-first,124,293,56344
A0,mixed_smoke_host,os_cache_warm,4000,20000,dff8bf7553d8f0c56301d871dd4e1c0660649cfd43ad99a16a60749fe3110fb5,2405929,2405929,4803858,14411574,2405929,4000,12000,4000,4000,1,A1-first,,,109175
A0,mixed_smoke_host,os_cache_warm,4000,20000,dff8bf7553d8f0c56301d871dd4e1c0660649cfd43ad99a16a60749fe3110fb5,2405929,2405929,4803858,14411574,2405929,4000,12000,4000,4000,2,A0-first,,,111971
A1,mixed_smoke_host,os_cache_warm,4000,20000,dff8bf7553d8f0c56301d871dd4e1c0660649cfd43ad99a16a60749fe3110fb5,2405929,2405929,2401929,7205787,2405929,4000,12000,4000,4000,2,A0-first,110,272,56973
A1,mixed_smoke_host,os_cache_warm,4000,20000,dff8bf7553d8f0c56301d871dd4e1c0660649cfd43ad99a16a60749fe3110fb5,2405929,2405929,2401929,7205787,2405929,4000,12000,4000,4000,3,A1-first,76,204,56099
A0,mixed_smoke_host,os_cache_warm,4000,20000,dff8bf7553d8f0c56301d871dd4e1c0660649cfd43ad99a16a60749fe3110fb5,2405929,2405929,4803858,14411574,2405929,4000,12000,4000,4000,3,A1-first,,,109561
A0,mixed_smoke_host,os_cache_warm,4000,20000,dff8bf7553d8f0c56301d871dd4e1c0660649cfd43ad99a16a60749fe3110fb5,2405929,2405929,4803858,14411574,2405929,4000,12000,4000,4000,4,A0-first,,,110979
A1,mixed_smoke_host,os_cache_warm,4000,20000,dff8bf7553d8f0c56301d871dd4e1c0660649cfd43ad99a16a60749fe3110fb5,2405929,2405929,2401929,7205787,2405929,4000,12000,4000,4000,4,A0-first,98,230,55513
A1,mixed_smoke_host,os_cache_warm,4000,20000,dff8bf7553d8f0c56301d871dd4e1c0660649cfd43ad99a16a60749fe3110fb5,2405929,2405929,2401929,7205787,2405929,4000,12000,4000,4000,5,A1-first,69,189,55283
A0,mixed_smoke_host,os_cache_warm,4000,20000,dff8bf7553d8f0c56301d871dd4e1c0660649cfd43ad99a16a60749fe3110fb5,2405929,2405929,4803858,14411574,2405929,4000,12000,4000,4000,5,A1-first,,,109097
A0,mixed_smoke_host,os_cache_warm,4000,20000,dff8bf7553d8f0c56301d871dd4e1c0660649cfd43ad99a16a60749fe3110fb5,2405929,2405929,4803858,14411574,2405929,4000,12000,4000,4000,6,A0-first,,,110344
A1,mixed_smoke_host,os_cache_warm,4000,20000,dff8bf7553d8f0c56301d871dd4e1c0660649cfd43ad99a16a60749fe3110fb5,2405929,2405929,2401929,7205787,2405929,4000,12000,4000,4000,6,A0-first,128,280,55642
A1,mixed_smoke_host,os_cache_warm,4000,20000,dff8bf7553d8f0c56301d871dd4e1c0660649cfd43ad99a16a60749fe3110fb5,2405929,2405929,2401929,7205787,2405929,4000,12000,4000,4000,7,A1-first,169,355,57659
A0,mixed_smoke_host,os_cache_warm,4000,20000,dff8bf7553d8f0c56301d871dd4e1c0660649cfd43ad99a16a60749fe3110fb5,2405929,2405929,4803858,14411574,2405929,4000,12000,4000,4000,7,A1-first,,,112709
A0,mixed_smoke_host,os_cache_warm,4000,20000,dff8bf7553d8f0c56301d871dd4e1c0660649cfd43ad99a16a60749fe3110fb5,2405929,2405929,4803858,14411574,2405929,4000,12000,4000,4000,8,A0-first,,,112292
A1,mixed_smoke_host,os_cache_warm,4000,20000,dff8bf7553d8f0c56301d871dd4e1c0660649cfd43ad99a16a60749fe3110fb5,2405929,2405929,2401929,7205787,2405929,4000,12000,4000,4000,8,A0-first,132,282,59404
A1,mixed_smoke_host,os_cache_warm,4000,20000,dff8bf7553d8f0c56301d871dd4e1c0660649cfd43ad99a16a60749fe3110fb5,2405929,2405929,2401929,7205787,2405929,4000,12000,4000,4000,9,A1-first,120,264,57976
A0,mixed_smoke_host,os_cache_warm,4000,20000,dff8bf7553d8f0c56301d871dd4e1c0660649cfd43ad99a16a60749fe3110fb5,2405929,2405929,4803858,14411574,2405929,4000,12000,4000,4000,9,A1-first,,,113234
A0,mixed_smoke_host,os_cache_warm,4000,20000,dff8bf7553d8f0c56301d871dd4e1c0660649cfd43ad99a16a60749fe3110fb5,2405929,2405929,4803858,14411574,2405929,4000,12000,4000,4000,10,A0-first,,,110838
A1,mixed_smoke_host,os_cache_warm,4000,20000,dff8bf7553d8f0c56301d871dd4e1c0660649cfd43ad99a16a60749fe3110fb5,2405929,2405929,2401929,7205787,2405929,4000,12000,4000,4000,10,A0-first,179,353,96694
A1,mixed_smoke_host,os_cache_warm,4000,20000,dff8bf7553d8f0c56301d871dd4e1c0660649cfd43ad99a16a60749fe3110fb5,2405929,2405929,2401929,7205787,2405929,4000,12000,4000,4000,11,A1-first,109,269,57767
A0,mixed_smoke_host,os_cache_warm,4000,20000,dff8bf7553d8f0c56301d871dd4e1c0660649cfd43ad99a16a60749fe3110fb5,2405929,2405929,4803858,14411574,2405929,4000,12000,4000,4000,11,A1-first,,,110907
A0,mixed_smoke_host,os_cache_warm,4000,20000,dff8bf7553d8f0c56301d871dd4e1c0660649cfd43ad99a16a60749fe3110fb5,2405929,2405929,4803858,14411574,2405929,4000,12000,4000,4000,12,A0-first,,,112246
A1,mixed_smoke_host,os_cache_warm,4000,20000,dff8bf7553d8f0c56301d871dd4e1c0660649cfd43ad99a16a60749fe3110fb5,2405929,2405929,2401929,7205787,2405929,4000,12000,4000,4000,12,A0-first,112,260,57516
A1,mixed_smoke_host,os_cache_warm,4000,20000,dff8bf7553d8f0c56301d871dd4e1c0660649cfd43ad99a16a60749fe3110fb5,2405929,2405929,2401929,7205787,2405929,4000,12000,4000,4000,13,A1-first,104,239,57443
A0,mixed_smoke_host,os_cache_warm,4000,20000,dff8bf7553d8f0c56301d871dd4e1c0660649cfd43ad99a16a60749fe3110fb5,2405929,2405929,4803858,14411574,2405929,4000,12000,4000,4000,13,A1-first,,,110782
A0,mixed_smoke_host,os_cache_warm,4000,20000,dff8bf7553d8f0c56301d871dd4e1c0660649cfd43ad99a16a60749fe3110fb5,2405929,2405929,4803858,14411574,2405929,4000,12000,4000,4000,14,A0-first,,,112318
A1,mixed_smoke_host,os_cache_warm,4000,20000,dff8bf7553d8f0c56301d871dd4e1c0660649cfd43ad99a16a60749fe3110fb5,2405929,2405929,2401929,7205787,2405929,4000,12000,4000,4000,14,A0-first,152,302,57578
A1,mixed_smoke_host,os_cache_warm,4000,20000,dff8bf7553d8f0c56301d871dd4e1c0660649cfd43ad99a16a60749fe3110fb5,2405929,2405929,2401929,7205787,2405929,4000,12000,4000,4000,15,A1-first,96,250,58133
A0,mixed_smoke_host,os_cache_warm,4000,20000,dff8bf7553d8f0c56301d871dd4e1c0660649cfd43ad99a16a60749fe3110fb5,2405929,2405929,4803858,14411574,2405929,4000,12000,4000,4000,15,A1-first,,,111634
A0,mixed_smoke_host,os_cache_warm,4000,20000,dff8bf7553d8f0c56301d871dd4e1c0660649cfd43ad99a16a60749fe3110fb5,2405929,2405929,4803858,14411574,2405929,4000,12000,4000,4000,16,A0-first,,,112443
A1,mixed_smoke_host,os_cache_warm,4000,20000,dff8bf7553d8f0c56301d871dd4e1c0660649cfd43ad99a16a60749fe3110fb5,2405929,2405929,2401929,7205787,2405929,4000,12000,4000,4000,16,A0-first,134,292,57889
A1,mixed_smoke_host,os_cache_warm,4000,20000,dff8bf7553d8f0c56301d871dd4e1c0660649cfd43ad99a16a60749fe3110fb5,2405929,2405929,2401929,7205787,2405929,4000,12000,4000,4000,17,A1-first,88,235,56606
A0,mixed_smoke_host,os_cache_warm,4000,20000,dff8bf7553d8f0c56301d871dd4e1c0660649cfd43ad99a16a60749fe3110fb5,2405929,2405929,4803858,14411574,2405929,4000,12000,4000,4000,17,A1-first,,,111193
A0,mixed_smoke_host,os_cache_warm,4000,20000,dff8bf7553d8f0c56301d871dd4e1c0660649cfd43ad99a16a60749fe3110fb5,2405929,2405929,4803858,14411574,2405929,4000,12000,4000,4000,18,A0-first,,,113384
A1,mixed_smoke_host,os_cache_warm,4000,20000,dff8bf7553d8f0c56301d871dd4e1c0660649cfd43ad99a16a60749fe3110fb5,2405929,2405929,2401929,7205787,2405929,4000,12000,4000,4000,18,A0-first,155,324,57357
A1,mixed_smoke_host,os_cache_warm,4000,20000,dff8bf7553d8f0c56301d871dd4e1c0660649cfd43ad99a16a60749fe3110fb5,2405929,2405929,2401929,7205787,2405929,4000,12000,4000,4000,19,A1-first,103,259,57400
A0,mixed_smoke_host,os_cache_warm,4000,20000,dff8bf7553d8f0c56301d871dd4e1c0660649cfd43ad99a16a60749fe3110fb5,2405929,2405929,4803858,14411574,2405929,4000,12000,4000,4000,19,A1-first,,,112767
A0,mixed_smoke_host,os_cache_warm,4000,20000,dff8bf7553d8f0c56301d871dd4e1c0660649cfd43ad99a16a60749fe3110fb5,2405929,2405929,4803858,14411574,2405929,4000,12000,4000,4000,20,A0-first,,,113308
A1,mixed_smoke_host,os_cache_warm,4000,20000,dff8bf7553d8f0c56301d871dd4e1c0660649cfd43ad99a16a60749fe3110fb5,2405929,2405929,2401929,7205787,2405929,4000,12000,4000,4000,20,A0-first,188,393,57864
A1,mixed_smoke_host,os_cache_warm,4000,20000,dff8bf7553d8f0c56301d871dd4e1c0660649cfd43ad99a16a60749fe3110fb5,2405929,2405929,2401929,7205787,2405929,4000,12000,4000,4000,21,A1-first,128,289,57039
A0,mixed_smoke_host,os_cache_warm,4000,20000,dff8bf7553d8f0c56301d871dd4e1c0660649cfd43ad99a16a60749fe3110fb5,2405929,2405929,4803858,14411574,2405929,4000,12000,4000,4000,21,A1-first,,,109637
A0,mixed_smoke_host,os_cache_warm,4000,20000,dff8bf7553d8f0c56301d871dd4e1c0660649cfd43ad99a16a60749fe3110fb5,2405929,2405929,4803858,14411574,2405929,4000,12000,4000,4000,22,A0-first,,,111645
A1,mixed_smoke_host,os_cache_warm,4000,20000,dff8bf7553d8f0c56301d871dd4e1c0660649cfd43ad99a16a60749fe3110fb5,2405929,2405929,2401929,7205787,2405929,4000,12000,4000,4000,22,A0-first,132,292,55717
A1,mixed_smoke_host,os_cache_warm,4000,20000,dff8bf7553d8f0c56301d871dd4e1c0660649cfd43ad99a16a60749fe3110fb5,2405929,2405929,2401929,7205787,2405929,4000,12000,4000,4000,23,A1-first,128,280,57501
A0,mixed_smoke_host,os_cache_warm,4000,20000,dff8bf7553d8f0c56301d871dd4e1c0660649cfd43ad99a16a60749fe3110fb5,2405929,2405929,4803858,14411574,2405929,4000,12000,4000,4000,23,A1-first,,,111752
A0,mixed_smoke_host,os_cache_warm,4000,20000,dff8bf7553d8f0c56301d871dd4e1c0660649cfd43ad99a16a60749fe3110fb5,2405929,2405929,4803858,14411574,2405929,4000,12000,4000,4000,24,A0-first,,,112172
A1,mixed_smoke_host,os_cache_warm,4000,20000,dff8bf7553d8f0c56301d871dd4e1c0660649cfd43ad99a16a60749fe3110fb5,2405929,2405929,2401929,7205787,2405929,4000,12000,4000,4000,24,A0-first,131,311,56376
A1,mixed_smoke_host,os_cache_warm,4000,20000,dff8bf7553d8f0c56301d871dd4e1c0660649cfd43ad99a16a60749fe3110fb5,2405929,2405929,2401929,7205787,2405929,4000,12000,4000,4000,25,A1-first,123,275,55836
A0,mixed_smoke_host,os_cache_warm,4000,20000,dff8bf7553d8f0c56301d871dd4e1c0660649cfd43ad99a16a60749fe3110fb5,2405929,2405929,4803858,14411574,2405929,4000,12000,4000,4000,25,A1-first,,,110178
A0,mixed_smoke_host,os_cache_warm,4000,20000,dff8bf7553d8f0c56301d871dd4e1c0660649cfd43ad99a16a60749fe3110fb5,2405929,2405929,4803858,14411574,2405929,4000,12000,4000,4000,26,A0-first,,,110562
A1,mixed_smoke_host,os_cache_warm,4000,20000,dff8bf7553d8f0c56301d871dd4e1c0660649cfd43ad99a16a60749fe3110fb5,2405929,2405929,2401929,7205787,2405929,4000,12000,4000,4000,26,A0-first,130,286,56335
A1,mixed_smoke_host,os_cache_warm,4000,20000,dff8bf7553d8f0c56301d871dd4e1c0660649cfd43ad99a16a60749fe3110fb5,2405929,2405929,2401929,7205787,2405929,4000,12000,4000,4000,27,A1-first,92,229,56325
A0,mixed_smoke_host,os_cache_warm,4000,20000,dff8bf7553d8f0c56301d871dd4e1c0660649cfd43ad99a16a60749fe3110fb5,2405929,2405929,4803858,14411574,2405929,4000,12000,4000,4000,27,A1-first,,,110308
A0,mixed_smoke_host,os_cache_warm,4000,20000,dff8bf7553d8f0c56301d871dd4e1c0660649cfd43ad99a16a60749fe3110fb5,2405929,2405929,4803858,14411574,2405929,4000,12000,4000,4000,28,A0-first,,,112068
A1,mixed_smoke_host,os_cache_warm,4000,20000,dff8bf7553d8f0c56301d871dd4e1c0660649cfd43ad99a16a60749fe3110fb5,2405929,2405929,2401929,7205787,2405929,4000,12000,4000,4000,28,A0-first,146,305,57334
A1,mixed_smoke_host,os_cache_warm,4000,20000,dff8bf7553d8f0c56301d871dd4e1c0660649cfd43ad99a16a60749fe3110fb5,2405929,2405929,2401929,7205787,2405929,4000,12000,4000,4000,29,A1-first,99,245,57418
A0,mixed_smoke_host,os_cache_warm,4000,20000,dff8bf7553d8f0c56301d871dd4e1c0660649cfd43ad99a16a60749fe3110fb5,2405929,2405929,4803858,14411574,2405929,4000,12000,4000,4000,29,A1-first,,,110615
A0,mixed_smoke_host,os_cache_warm,16000,80000,10aba33560535f4d8405653986a7eb0fd25a1ab66242ccb7cb9faa5d9920dbab,9629930,9629930,19227860,57683580,9629930,16000,48000,16000,16000,0,A0-first,,,453708
A1,mixed_smoke_host,os_cache_warm,16000,80000,10aba33560535f4d8405653986a7eb0fd25a1ab66242ccb7cb9faa5d9920dbab,9629930,9629930,9613930,28841790,9629930,16000,48000,16000,16000,0,A0-first,132,278,229211
A1,mixed_smoke_host,os_cache_warm,16000,80000,10aba33560535f4d8405653986a7eb0fd25a1ab66242ccb7cb9faa5d9920dbab,9629930,9629930,9613930,28841790,9629930,16000,48000,16000,16000,1,A1-first,128,281,233273
A0,mixed_smoke_host,os_cache_warm,16000,80000,10aba33560535f4d8405653986a7eb0fd25a1ab66242ccb7cb9faa5d9920dbab,9629930,9629930,19227860,57683580,9629930,16000,48000,16000,16000,1,A1-first,,,457826
A0,mixed_smoke_host,os_cache_warm,16000,80000,10aba33560535f4d8405653986a7eb0fd25a1ab66242ccb7cb9faa5d9920dbab,9629930,9629930,19227860,57683580,9629930,16000,48000,16000,16000,2,A0-first,,,479119
A1,mixed_smoke_host,os_cache_warm,16000,80000,10aba33560535f4d8405653986a7eb0fd25a1ab66242ccb7cb9faa5d9920dbab,9629930,9629930,9613930,28841790,9629930,16000,48000,16000,16000,2,A0-first,146,320,227953
A1,mixed_smoke_host,os_cache_warm,16000,80000,10aba33560535f4d8405653986a7eb0fd25a1ab66242ccb7cb9faa5d9920dbab,9629930,9629930,9613930,28841790,9629930,16000,48000,16000,16000,3,A1-first,126,271,229252
A0,mixed_smoke_host,os_cache_warm,16000,80000,10aba33560535f4d8405653986a7eb0fd25a1ab66242ccb7cb9faa5d9920dbab,9629930,9629930,19227860,57683580,9629930,16000,48000,16000,16000,3,A1-first,,,595867
A0,mixed_smoke_host,os_cache_warm,16000,80000,10aba33560535f4d8405653986a7eb0fd25a1ab66242ccb7cb9faa5d9920dbab,9629930,9629930,19227860,57683580,9629930,16000,48000,16000,16000,4,A0-first,,,514279
A1,mixed_smoke_host,os_cache_warm,16000,80000,10aba33560535f4d8405653986a7eb0fd25a1ab66242ccb7cb9faa5d9920dbab,9629930,9629930,9613930,28841790,9629930,16000,48000,16000,16000,4,A0-first,119,286,243463
A1,mixed_smoke_host,os_cache_warm,16000,80000,10aba33560535f4d8405653986a7eb0fd25a1ab66242ccb7cb9faa5d9920dbab,9629930,9629930,9613930,28841790,9629930,16000,48000,16000,16000,5,A1-first,109,257,382300
A0,mixed_smoke_host,os_cache_warm,16000,80000,10aba33560535f4d8405653986a7eb0fd25a1ab66242ccb7cb9faa5d9920dbab,9629930,9629930,19227860,57683580,9629930,16000,48000,16000,16000,5,A1-first,,,583084
A0,mixed_smoke_host,os_cache_warm,16000,80000,10aba33560535f4d8405653986a7eb0fd25a1ab66242ccb7cb9faa5d9920dbab,9629930,9629930,19227860,57683580,9629930,16000,48000,16000,16000,6,A0-first,,,463568
A1,mixed_smoke_host,os_cache_warm,16000,80000,10aba33560535f4d8405653986a7eb0fd25a1ab66242ccb7cb9faa5d9920dbab,9629930,9629930,9613930,28841790,9629930,16000,48000,16000,16000,6,A0-first,141,308,227533
A1,mixed_smoke_host,os_cache_warm,16000,80000,10aba33560535f4d8405653986a7eb0fd25a1ab66242ccb7cb9faa5d9920dbab,9629930,9629930,9613930,28841790,9629930,16000,48000,16000,16000,7,A1-first,127,290,230161
A0,mixed_smoke_host,os_cache_warm,16000,80000,10aba33560535f4d8405653986a7eb0fd25a1ab66242ccb7cb9faa5d9920dbab,9629930,9629930,19227860,57683580,9629930,16000,48000,16000,16000,7,A1-first,,,449785
A0,mixed_smoke_host,os_cache_warm,16000,80000,10aba33560535f4d8405653986a7eb0fd25a1ab66242ccb7cb9faa5d9920dbab,9629930,9629930,19227860,57683580,9629930,16000,48000,16000,16000,8,A0-first,,,459701
A1,mixed_smoke_host,os_cache_warm,16000,80000,10aba33560535f4d8405653986a7eb0fd25a1ab66242ccb7cb9faa5d9920dbab,9629930,9629930,9613930,28841790,9629930,16000,48000,16000,16000,8,A0-first,123,281,243908
A1,mixed_smoke_host,os_cache_warm,16000,80000,10aba33560535f4d8405653986a7eb0fd25a1ab66242ccb7cb9faa5d9920dbab,9629930,9629930,9613930,28841790,9629930,16000,48000,16000,16000,9,A1-first,126,282,244720
A0,mixed_smoke_host,os_cache_warm,16000,80000,10aba33560535f4d8405653986a7eb0fd25a1ab66242ccb7cb9faa5d9920dbab,9629930,9629930,19227860,57683580,9629930,16000,48000,16000,16000,9,A1-first,,,479576
A0,mixed_smoke_host,os_cache_warm,16000,80000,10aba33560535f4d8405653986a7eb0fd25a1ab66242ccb7cb9faa5d9920dbab,9629930,9629930,19227860,57683580,9629930,16000,48000,16000,16000,10,A0-first,,,499970
A1,mixed_smoke_host,os_cache_warm,16000,80000,10aba33560535f4d8405653986a7eb0fd25a1ab66242ccb7cb9faa5d9920dbab,9629930,9629930,9613930,28841790,9629930,16000,48000,16000,16000,10,A0-first,142,363,227869
A1,mixed_smoke_host,os_cache_warm,16000,80000,10aba33560535f4d8405653986a7eb0fd25a1ab66242ccb7cb9faa5d9920dbab,9629930,9629930,9613930,28841790,9629930,16000,48000,16000,16000,11,A1-first,148,321,231328
A0,mixed_smoke_host,os_cache_warm,16000,80000,10aba33560535f4d8405653986a7eb0fd25a1ab66242ccb7cb9faa5d9920dbab,9629930,9629930,19227860,57683580,9629930,16000,48000,16000,16000,11,A1-first,,,457874
A0,mixed_smoke_host,os_cache_warm,16000,80000,10aba33560535f4d8405653986a7eb0fd25a1ab66242ccb7cb9faa5d9920dbab,9629930,9629930,19227860,57683580,9629930,16000,48000,16000,16000,12,A0-first,,,460733
A1,mixed_smoke_host,os_cache_warm,16000,80000,10aba33560535f4d8405653986a7eb0fd25a1ab66242ccb7cb9faa5d9920dbab,9629930,9629930,9613930,28841790,9629930,16000,48000,16000,16000,12,A0-first,181,359,231012
A1,mixed_smoke_host,os_cache_warm,16000,80000,10aba33560535f4d8405653986a7eb0fd25a1ab66242ccb7cb9faa5d9920dbab,9629930,9629930,9613930,28841790,9629930,16000,48000,16000,16000,13,A1-first,135,326,226709
A0,mixed_smoke_host,os_cache_warm,16000,80000,10aba33560535f4d8405653986a7eb0fd25a1ab66242ccb7cb9faa5d9920dbab,9629930,9629930,19227860,57683580,9629930,16000,48000,16000,16000,13,A1-first,,,461807
A0,mixed_smoke_host,os_cache_warm,16000,80000,10aba33560535f4d8405653986a7eb0fd25a1ab66242ccb7cb9faa5d9920dbab,9629930,9629930,19227860,57683580,9629930,16000,48000,16000,16000,14,A0-first,,,454749
A1,mixed_smoke_host,os_cache_warm,16000,80000,10aba33560535f4d8405653986a7eb0fd25a1ab66242ccb7cb9faa5d9920dbab,9629930,9629930,9613930,28841790,9629930,16000,48000,16000,16000,14,A0-first,225,430,227781
A1,mixed_smoke_host,os_cache_warm,16000,80000,10aba33560535f4d8405653986a7eb0fd25a1ab66242ccb7cb9faa5d9920dbab,9629930,9629930,9613930,28841790,9629930,16000,48000,16000,16000,15,A1-first,129,279,227524
A0,mixed_smoke_host,os_cache_warm,16000,80000,10aba33560535f4d8405653986a7eb0fd25a1ab66242ccb7cb9faa5d9920dbab,9629930,9629930,19227860,57683580,9629930,16000,48000,16000,16000,15,A1-first,,,453145
A0,mixed_smoke_host,os_cache_warm,16000,80000,10aba33560535f4d8405653986a7eb0fd25a1ab66242ccb7cb9faa5d9920dbab,9629930,9629930,19227860,57683580,9629930,16000,48000,16000,16000,16,A0-first,,,443995
A1,mixed_smoke_host,os_cache_warm,16000,80000,10aba33560535f4d8405653986a7eb0fd25a1ab66242ccb7cb9faa5d9920dbab,9629930,9629930,9613930,28841790,9629930,16000,48000,16000,16000,16,A0-first,119,258,223797
A1,mixed_smoke_host,os_cache_warm,16000,80000,10aba33560535f4d8405653986a7eb0fd25a1ab66242ccb7cb9faa5d9920dbab,9629930,9629930,9613930,28841790,9629930,16000,48000,16000,16000,17,A1-first,120,260,224296
A0,mixed_smoke_host,os_cache_warm,16000,80000,10aba33560535f4d8405653986a7eb0fd25a1ab66242ccb7cb9faa5d9920dbab,9629930,9629930,19227860,57683580,9629930,16000,48000,16000,16000,17,A1-first,,,464980
A0,mixed_smoke_host,os_cache_warm,16000,80000,10aba33560535f4d8405653986a7eb0fd25a1ab66242ccb7cb9faa5d9920dbab,9629930,9629930,19227860,57683580,9629930,16000,48000,16000,16000,18,A0-first,,,459947
A1,mixed_smoke_host,os_cache_warm,16000,80000,10aba33560535f4d8405653986a7eb0fd25a1ab66242ccb7cb9faa5d9920dbab,9629930,9629930,9613930,28841790,9629930,16000,48000,16000,16000,18,A0-first,139,292,227461
A1,mixed_smoke_host,os_cache_warm,16000,80000,10aba33560535f4d8405653986a7eb0fd25a1ab66242ccb7cb9faa5d9920dbab,9629930,9629930,9613930,28841790,9629930,16000,48000,16000,16000,19,A1-first,143,292,252542
A0,mixed_smoke_host,os_cache_warm,16000,80000,10aba33560535f4d8405653986a7eb0fd25a1ab66242ccb7cb9faa5d9920dbab,9629930,9629930,19227860,57683580,9629930,16000,48000,16000,16000,19,A1-first,,,454023
A0,mixed_smoke_host,os_cache_warm,16000,80000,10aba33560535f4d8405653986a7eb0fd25a1ab66242ccb7cb9faa5d9920dbab,9629930,9629930,19227860,57683580,9629930,16000,48000,16000,16000,20,A0-first,,,526362
A1,mixed_smoke_host,os_cache_warm,16000,80000,10aba33560535f4d8405653986a7eb0fd25a1ab66242ccb7cb9faa5d9920dbab,9629930,9629930,9613930,28841790,9629930,16000,48000,16000,16000,20,A0-first,152,380,245223
A1,mixed_smoke_host,os_cache_warm,16000,80000,10aba33560535f4d8405653986a7eb0fd25a1ab66242ccb7cb9faa5d9920dbab,9629930,9629930,9613930,28841790,9629930,16000,48000,16000,16000,21,A1-first,162,335,235480
A0,mixed_smoke_host,os_cache_warm,16000,80000,10aba33560535f4d8405653986a7eb0fd25a1ab66242ccb7cb9faa5d9920dbab,9629930,9629930,19227860,57683580,9629930,16000,48000,16000,16000,21,A1-first,,,457814
A0,mixed_smoke_host,os_cache_warm,16000,80000,10aba33560535f4d8405653986a7eb0fd25a1ab66242ccb7cb9faa5d9920dbab,9629930,9629930,19227860,57683580,9629930,16000,48000,16000,16000,22,A0-first,,,457981
A1,mixed_smoke_host,os_cache_warm,16000,80000,10aba33560535f4d8405653986a7eb0fd25a1ab66242ccb7cb9faa5d9920dbab,9629930,9629930,9613930,28841790,9629930,16000,48000,16000,16000,22,A0-first,136,293,229662
A1,mixed_smoke_host,os_cache_warm,16000,80000,10aba33560535f4d8405653986a7eb0fd25a1ab66242ccb7cb9faa5d9920dbab,9629930,9629930,9613930,28841790,9629930,16000,48000,16000,16000,23,A1-first,115,288,239364
A0,mixed_smoke_host,os_cache_warm,16000,80000,10aba33560535f4d8405653986a7eb0fd25a1ab66242ccb7cb9faa5d9920dbab,9629930,9629930,19227860,57683580,9629930,16000,48000,16000,16000,23,A1-first,,,448140
A0,mixed_smoke_host,os_cache_warm,16000,80000,10aba33560535f4d8405653986a7eb0fd25a1ab66242ccb7cb9faa5d9920dbab,9629930,9629930,19227860,57683580,9629930,16000,48000,16000,16000,24,A0-first,,,460461
A1,mixed_smoke_host,os_cache_warm,16000,80000,10aba33560535f4d8405653986a7eb0fd25a1ab66242ccb7cb9faa5d9920dbab,9629930,9629930,9613930,28841790,9629930,16000,48000,16000,16000,24,A0-first,167,344,236567
A1,mixed_smoke_host,os_cache_warm,16000,80000,10aba33560535f4d8405653986a7eb0fd25a1ab66242ccb7cb9faa5d9920dbab,9629930,9629930,9613930,28841790,9629930,16000,48000,16000,16000,25,A1-first,173,344,246545
A0,mixed_smoke_host,os_cache_warm,16000,80000,10aba33560535f4d8405653986a7eb0fd25a1ab66242ccb7cb9faa5d9920dbab,9629930,9629930,19227860,57683580,9629930,16000,48000,16000,16000,25,A1-first,,,462707
A0,mixed_smoke_host,os_cache_warm,16000,80000,10aba33560535f4d8405653986a7eb0fd25a1ab66242ccb7cb9faa5d9920dbab,9629930,9629930,19227860,57683580,9629930,16000,48000,16000,16000,26,A0-first,,,515788
A1,mixed_smoke_host,os_cache_warm,16000,80000,10aba33560535f4d8405653986a7eb0fd25a1ab66242ccb7cb9faa5d9920dbab,9629930,9629930,9613930,28841790,9629930,16000,48000,16000,16000,26,A0-first,158,350,227322
A1,mixed_smoke_host,os_cache_warm,16000,80000,10aba33560535f4d8405653986a7eb0fd25a1ab66242ccb7cb9faa5d9920dbab,9629930,9629930,9613930,28841790,9629930,16000,48000,16000,16000,27,A1-first,196,380,245783
A0,mixed_smoke_host,os_cache_warm,16000,80000,10aba33560535f4d8405653986a7eb0fd25a1ab66242ccb7cb9faa5d9920dbab,9629930,9629930,19227860,57683580,9629930,16000,48000,16000,16000,27,A1-first,,,462538
A0,mixed_smoke_host,os_cache_warm,16000,80000,10aba33560535f4d8405653986a7eb0fd25a1ab66242ccb7cb9faa5d9920dbab,9629930,9629930,19227860,57683580,9629930,16000,48000,16000,16000,28,A0-first,,,490446
A1,mixed_smoke_host,os_cache_warm,16000,80000,10aba33560535f4d8405653986a7eb0fd25a1ab66242ccb7cb9faa5d9920dbab,9629930,9629930,9613930,28841790,9629930,16000,48000,16000,16000,28,A0-first,78,228,304685
A1,mixed_smoke_host,os_cache_warm,16000,80000,10aba33560535f4d8405653986a7eb0fd25a1ab66242ccb7cb9faa5d9920dbab,9629930,9629930,9613930,28841790,9629930,16000,48000,16000,16000,29,A1-first,98,265,238059
A0,mixed_smoke_host,os_cache_warm,16000,80000,10aba33560535f4d8405653986a7eb0fd25a1ab66242ccb7cb9faa5d9920dbab,9629930,9629930,19227860,57683580,9629930,16000,48000,16000,16000,29,A1-first,,,485533
