arm,workload,cache_state,entities,source_sha256,repetition,steady_rss_bytes,peak_rss_bytes
baseline,mixed_smoke,os_cache_warm,16000,10aba33560535f4d8405653986a7eb0fd25a1ab66242ccb7cb9faa5d9920dbab,0,1900544,1982464
A0,mixed_smoke,os_cache_warm,16000,10aba33560535f4d8405653986a7eb0fd25a1ab66242ccb7cb9faa5d9920dbab,0,59326464,68042752
A1,mixed_smoke,os_cache_warm,16000,10aba33560535f4d8405653986a7eb0fd25a1ab66242ccb7cb9faa5d9920dbab,0,30588928,30605312
directory,mixed_smoke,os_cache_warm,16000,10aba33560535f4d8405653986a7eb0fd25a1ab66242ccb7cb9faa5d9920dbab,0,46858240,48873472
structural,mixed_smoke,os_cache_warm,16000,10aba33560535f4d8405653986a7eb0fd25a1ab66242ccb7cb9faa5d9920dbab,0,66813952,71319552
structural_pinned_source,mixed_smoke,os_cache_warm,16000,10aba33560535f4d8405653986a7eb0fd25a1ab66242ccb7cb9faa5d9920dbab,0,72859648,72859648
structural_pinned_hot_payload,mixed_smoke,os_cache_warm,16000,10aba33560535f4d8405653986a7eb0fd25a1ab66242ccb7cb9faa5d9920dbab,0,77709312,77709312
structural_plus_document,mixed_smoke,os_cache_warm,16000,10aba33560535f4d8405653986a7eb0fd25a1ab66242ccb7cb9faa5d9920dbab,0,83542016,83591168
structural_pinned_plus_document,mixed_smoke,os_cache_warm,16000,10aba33560535f4d8405653986a7eb0fd25a1ab66242ccb7cb9faa5d9920dbab,0,88801280,88883200
baseline,mixed_smoke,os_cache_warm,16000,10aba33560535f4d8405653986a7eb0fd25a1ab66242ccb7cb9faa5d9920dbab,1,1900544,2080768
A0,mixed_smoke,os_cache_warm,16000,10aba33560535f4d8405653986a7eb0fd25a1ab66242ccb7cb9faa5d9920dbab,1,61112320,64487424
A1,mixed_smoke,os_cache_warm,16000,10aba33560535f4d8405653986a7eb0fd25a1ab66242ccb7cb9faa5d9920dbab,1,28540928,30392320
directory,mixed_smoke,os_cache_warm,16000,10aba33560535f4d8405653986a7eb0fd25a1ab66242ccb7cb9faa5d9920dbab,1,46055424,49594368
structural,mixed_smoke,os_cache_warm,16000,10aba33560535f4d8405653986a7eb0fd25a1ab66242ccb7cb9faa5d9920dbab,1,66715648,73465856
structural_pinned_source,mixed_smoke,os_cache_warm,16000,10aba33560535f4d8405653986a7eb0fd25a1ab66242ccb7cb9faa5d9920dbab,1,76480512,76480512
structural_pinned_hot_payload,mixed_smoke,os_cache_warm,16000,10aba33560535f4d8405653986a7eb0fd25a1ab66242ccb7cb9faa5d9920dbab,1,76316672,76316672
structural_plus_document,mixed_smoke,os_cache_warm,16000,10aba33560535f4d8405653986a7eb0fd25a1ab66242ccb7cb9faa5d9920dbab,1,79347712,79364096
structural_pinned_plus_document,mixed_smoke,os_cache_warm,16000,10aba33560535f4d8405653986a7eb0fd25a1ab66242ccb7cb9faa5d9920dbab,1,89899008,90062848
baseline,mixed_smoke,os_cache_warm,16000,10aba33560535f4d8405653986a7eb0fd25a1ab66242ccb7cb9faa5d9920dbab,2,1900544,2080768
A0,mixed_smoke,os_cache_warm,16000,10aba33560535f4d8405653986a7eb0fd25a1ab66242ccb7cb9faa5d9920dbab,2,62488576,66699264
A1,mixed_smoke,os_cache_warm,16000,10aba33560535f4d8405653986a7eb0fd25a1ab66242ccb7cb9faa5d9920dbab,2,30736384,30752768
directory,mixed_smoke,os_cache_warm,16000,10aba33560535f4d8405653986a7eb0fd25a1ab66242ccb7cb9faa5d9920dbab,2,47742976,48758784
structural,mixed_smoke,os_cache_warm,16000,10aba33560535f4d8405653986a7eb0fd25a1ab66242ccb7cb9faa5d9920dbab,2,67534848,71778304
structural_pinned_source,mixed_smoke,os_cache_warm,16000,10aba33560535f4d8405653986a7eb0fd25a1ab66242ccb7cb9faa5d9920dbab,2,73613312,73629696
structural_pinned_hot_payload,mixed_smoke,os_cache_warm,16000,10aba33560535f4d8405653986a7eb0fd25a1ab66242ccb7cb9faa5d9920dbab,2,71385088,73170944
structural_plus_document,mixed_smoke,os_cache_warm,16000,10aba33560535f4d8405653986a7eb0fd25a1ab66242ccb7cb9faa5d9920dbab,2,77447168,79527936
structural_pinned_plus_document,mixed_smoke,os_cache_warm,16000,10aba33560535f4d8405653986a7eb0fd25a1ab66242ccb7cb9faa5d9920dbab,2,90636288,91226112
baseline,mixed_smoke,os_cache_warm,16000,10aba33560535f4d8405653986a7eb0fd25a1ab66242ccb7cb9faa5d9920dbab,3,1900544,1982464
A0,mixed_smoke,os_cache_warm,16000,10aba33560535f4d8405653986a7eb0fd25a1ab66242ccb7cb9faa5d9920dbab,3,59506688,67338240
A1,mixed_smoke,os_cache_warm,16000,10aba33560535f4d8405653986a7eb0fd25a1ab66242ccb7cb9faa5d9920dbab,3,30408704,30408704
directory,mixed_smoke,os_cache_warm,16000,10aba33560535f4d8405653986a7eb0fd25a1ab66242ccb7cb9faa5d9920dbab,3,47284224,48709632
structural,mixed_smoke,os_cache_warm,16000,10aba33560535f4d8405653986a7eb0fd25a1ab66242ccb7cb9faa5d9920dbab,3,66338816,69484544
structural_pinned_source,mixed_smoke,os_cache_warm,16000,10aba33560535f4d8405653986a7eb0fd25a1ab66242ccb7cb9faa5d9920dbab,3,78872576,78872576
structural_pinned_hot_payload,mixed_smoke,os_cache_warm,16000,10aba33560535f4d8405653986a7eb0fd25a1ab66242ccb7cb9faa5d9920dbab,3,75022336,75038720
structural_plus_document,mixed_smoke,os_cache_warm,16000,10aba33560535f4d8405653986a7eb0fd25a1ab66242ccb7cb9faa5d9920dbab,3,78938112,78954496
structural_pinned_plus_document,mixed_smoke,os_cache_warm,16000,10aba33560535f4d8405653986a7eb0fd25a1ab66242ccb7cb9faa5d9920dbab,3,92340224,93143040
baseline,mixed_smoke,os_cache_warm,16000,10aba33560535f4d8405653986a7eb0fd25a1ab66242ccb7cb9faa5d9920dbab,4,1900544,1982464
A0,mixed_smoke,os_cache_warm,16000,10aba33560535f4d8405653986a7eb0fd25a1ab66242ccb7cb9faa5d9920dbab,4,59670528,66748416
A1,mixed_smoke,os_cache_warm,16000,10aba33560535f4d8405653986a7eb0fd25a1ab66242ccb7cb9faa5d9920dbab,4,30392320,30425088
directory,mixed_smoke,os_cache_warm,16000,10aba33560535f4d8405653986a7eb0fd25a1ab66242ccb7cb9faa5d9920dbab,4,48300032,50528256
structural,mixed_smoke,os_cache_warm,16000,10aba33560535f4d8405653986a7eb0fd25a1ab66242ccb7cb9faa5d9920dbab,4,71958528,76087296
structural_pinned_source,mixed_smoke,os_cache_warm,16000,10aba33560535f4d8405653986a7eb0fd25a1ab66242ccb7cb9faa5d9920dbab,4,79593472,79593472
structural_pinned_hot_payload,mixed_smoke,os_cache_warm,16000,10aba33560535f4d8405653986a7eb0fd25a1ab66242ccb7cb9faa5d9920dbab,4,72433664,72450048
structural_plus_document,mixed_smoke,os_cache_warm,16000,10aba33560535f4d8405653986a7eb0fd25a1ab66242ccb7cb9faa5d9920dbab,4,79052800,79069184
structural_pinned_plus_document,mixed_smoke,os_cache_warm,16000,10aba33560535f4d8405653986a7eb0fd25a1ab66242ccb7cb9faa5d9920dbab,4,93618176,93634560
